Date,expiryDate,Symbol,Type,CMP,Stock PE,BV-to-CMP,RSI,MACD,MACD_Signal,MACD_To_Signal,BB Analysis,strikePrice,Comments,Support,Dist_from_Support,Resistance,Dist_from_Resist,PCR
03-Oct-25,28-Oct-25,ABB,Holding,5190,101,7.479285714,45.76261226,-5.072555578,5.170944528,-10.24350011,NA,5200,NA,4950.15,4.85,5449.85,5.01,0.720359771
03-Oct-25,28-Oct-25,BEL,Holding,412.7,61.1,15.26470588,59.65667263,5.380721869,5.003679673,0.377042196,NA,410,NA,388.6,6.21,431.4,4.54,0.750242201
03-Oct-25,28-Oct-25,BSE,Holding,2097,33.8,3.152173913,38.97608813,-75.23369315,-72.48552156,-2.748171592,NA,2100,NA,1903.1,10.19,2296.9,9.54,0.566190297
03-Oct-25,28-Oct-25,CAMS,Holding,3819,131,11.1952381,45.59458631,-13.23654506,4.423444965,-17.65999002,NA,3800,NA,3575.85,6.8,4024.15,5.38,0.657977841
03-Oct-25,28-Oct-25,CDSL,Holding,1489.8,203,20.7046332,39.13057066,-20.05751657,-12.03105135,-8.026465222,NA,1500,NA,1415.05,5.29,1584.95,6.39,0.494953085
03-Oct-25,28-Oct-25,CGPOWER,Holding,748.35,140,10.14214286,47.72729118,9.57623404,17.43172742,-7.855493377,NA,840,NA,737.7,1.45,942.3,25.92,0.670569931
03-Oct-25,28-Oct-25,COALINDIA,Holding,383.9,30.2,5.261881668,48.11140234,1.266183682,2.23356085,-0.967377168,NA,400,NA,381.2,0.71,418.8,9.1,0.727078891
03-Oct-25,28-Oct-25,IEX,Holding,143.69,184,14.67889088,43.47499722,-1.833639683,-1.587802534,-0.24583715,NA,150,NA,139.75,2.82,160.25,11.53,0.513863216
03-Oct-25,28-Oct-25,INDIGO,Holding,5652,35.2,2.921827411,42.38326688,-47.59629441,-42.57614205,-5.020152355,NA,5800,NA,5554.85,1.75,6045.15,6.96,0.808999755
03-Oct-25,28-Oct-25,IRCTC,Holding,708.4,18.9,3.556451613,39.86758227,-5.031797874,-3.074201457,-1.957596417,NA,800,NA,711.3,-0.4,888.7,25.46,0.852494973
03-Oct-25,28-Oct-25,KFINTECH,Holding,1068,134,15.63063063,46.88882744,-12.0171826,-9.798604806,-2.218577798,NA,1100,NA,1014.55,5.27,1185.45,11,0.617715618
03-Oct-25,28-Oct-25,MCX,Holding,8171.5,79.2,12.27347611,54.33171126,30.63253483,13.72196184,16.91057299,NA,8000,NA,7434.9,9.91,8565.1,4.82,0.531802965
03-Oct-25,28-Oct-25,MOTHERSON,Holding,106.66,24.9,7.129591837,52.77262335,1.399616186,1.365946687,0.033669499,NA,115,NA,105.05,1.54,124.95,17.15,0.463021681
03-Oct-25,28-Oct-25,PFC,Holding,413,60.1,11.90959596,56.7566116,1.843895549,0.820736724,1.023158825,NA,420,NA,399.15,3.47,440.85,6.75,0.646457954
03-Oct-25,28-Oct-25,POWERGRID,Holding,288.65,69.5,10.33656716,42.54666751,-1.032323836,-0.363890577,-0.668433259,NA,300,NA,284.2,1.57,315.8,9.41,0.575964202
03-Oct-25,28-Oct-25,SIEMENS,Holding,3168,25.3,3.205627706,43.62469605,-5.729843784,13.7781095,-19.50795328,NA,3300,NA,3105,2.03,3495,10.33,0.771046983
03-Oct-25,28-Oct-25,360ONE,Non-Hld,1047.1,32.4,3.128571429,46.22171986,-11.55970434,-8.540781488,-3.018922849,NA,1100,NA,1029.45,1.72,1170.55,11.79,0.954863625
03-Oct-25,28-Oct-25,ABCAPITAL,Non-Hld,304.5,14,1.984899329,62.28762225,3.432091276,3.27546995,0.156621326,NA,300,NA,280.8,8.45,319.2,4.83,0.431057188
03-Oct-25,28-Oct-25,ADANIENT,Non-Hld,2586.1,28.6,7.545612511,63.44887478,56.99364202,46.83998237,10.15365965,NA,2600,NA,2448.7,5.62,2751.3,6.39,0.545450189
03-Oct-25,28-Oct-25,ADANIGREEN,Non-Hld,1072.5,254,38.05725191,59.06603709,27.43923422,25.39360815,2.045626066,NA,1200,NA,1058.5,1.33,1341.5,25.09,0.715222876
03-Oct-25,28-Oct-25,ADANIPORTS,Non-Hld,1419.9,40,6.971830986,59.13679848,13.16897035,13.78061254,-0.611642189,NA,1400,NA,1337.1,6.2,1462.9,3.03,0.729020979
03-Oct-25,28-Oct-25,ALKEM,Non-Hld,5425,13,1.083660131,55.80865928,53.69359405,71.61687187,-17.92327782,NA,5500,NA,5274.95,2.85,5725.05,5.54,0.897867738
03-Oct-25,28-Oct-25,AMBER,Non-Hld,8205.5,6.94,0.959272727,58.7838536,183.5422193,205.6179009,-22.07568159,NA,8500,NA,7930.35,3.47,9069.65,10.54,0.9870317
03-Oct-25,28-Oct-25,AMBUJACEM,Non-Hld,575.6,5.85,0.720747126,46.54291596,-1.856297699,-1.44949203,-0.406805669,NA,600,NA,567.5,1.43,632.5,9.89,0.729106628
03-Oct-25,28-Oct-25,ANGELONE,Non-Hld,2205,102,14.31192661,36.45336507,-76.86144867,-79.6629666,2.801517932,NA,2200,NA,2008.1,9.81,2391.9,8.48,0.741743529
03-Oct-25,28-Oct-25,APLAPOLLO,Non-Hld,1735,55,15.28518519,62.79149722,12.3977962,11.65075429,0.747041907,NA,1700,NA,1597.9,8.59,1802.1,3.87,0.706001136
03-Oct-25,28-Oct-25,APOLLOHOSP,Non-Hld,7450,41.8,5.336244541,35.34162113,-54.71387745,3.036562089,-57.75043954,NA,8000,NA,7445,0.07,8555,14.84,0.797367768
03-Oct-25,28-Oct-25,ASHOKLEY,Non-Hld,139.74,51.3,7.71097561,55.63068959,1.665188177,0.740503822,0.924684355,NA,145,NA,135.6,3.06,154.4,10.5,0.579159644
03-Oct-25,28-Oct-25,ASIANPAINT,Non-Hld,2358.1,315,3.395284327,28.27224968,-40.44648499,-19.70933754,-20.73714745,NA,2500,NA,2344.4,0.59,2655.6,12.62,0.847880691
03-Oct-25,28-Oct-25,ASTRAL,Non-Hld,1385.1,3767,3.6625,39.01033158,-10.58786757,0.032552443,-10.62042001,NA,1500,NA,1374.5,0.78,1625.5,17.36,0.777206913
03-Oct-25,28-Oct-25,AUBANK,Non-Hld,740.5,87.2,13.6618705,48.778642,0.871798606,-2.352324435,3.224123041,NA,740,NA,695.7,6.44,784.3,5.92,0.854107649
03-Oct-25,28-Oct-25,AUROPHARMA,Non-Hld,1095,51.4,8.22945571,50.14226627,5.371571236,6.294855253,-0.923284017,NA,1100,NA,1043.2,4.97,1156.8,5.65,0.718671679
03-Oct-25,28-Oct-25,AXISBANK,Non-Hld,1183,8.39,1.828877005,64.65620023,19.31161307,16.62869688,2.682916194,NA,1160,NA,1103.05,7.25,1216.95,2.87,0.755321265
03-Oct-25,28-Oct-25,BAJAJ-AUTO,Non-Hld,8685,67.9,37.17391304,39.10250253,-14.68355411,59.74250771,-74.42606182,NA,9000,NA,8515,2,9485,9.22,0.533226581
03-Oct-25,28-Oct-25,BAJAJFINSV,Non-Hld,1994.2,59.3,22.71939328,46.36378537,9.186577952,18.40140752,-9.214829564,NA,2100,NA,1983.3,0.55,2216.7,11.16,0.907551587
03-Oct-25,28-Oct-25,BAJFINANCE,Non-Hld,990,42.5,18.18571429,46.47070509,-2.457874502,-9.923193821,7.465319319,NA,1000,NA,949.25,4.3,1050.75,6.14,0.684052758
03-Oct-25,28-Oct-25,BANDHANBNK,Non-Hld,165.8,6.4,1.095478261,49.52725001,-1.758905476,-1.934688082,0.175782606,NA,170,NA,158.75,4.45,181.25,9.32,0.932045707
03-Oct-25,28-Oct-25,BANKBARODA,Non-Hld,263.8,61.2,22.36936937,70.07767548,4.650554793,3.169010298,1.481544495,NA,260,NA,245.4,7.5,274.6,4.1,0.733718054
03-Oct-25,28-Oct-25,BANKINDIA,Non-Hld,125.41,114,28.13345865,66.86645559,2.013147381,1.598308915,0.414838466,NA,125,NA,117.5,6.74,132.5,5.66,0.606804479
03-Oct-25,28-Oct-25,BDL,Non-Hld,1560,29.7,5.59430605,49.19795776,-4.796679574,-1.292195007,-3.504484567,NA,1600,NA,1489.3,4.75,1710.7,9.67,0.797598628
03-Oct-25,28-Oct-25,BHARATFORG,Non-Hld,1222,23.7,3.822418136,53.00062191,9.860938677,13.71560131,-3.854662633,NA,1220,NA,1152.85,6,1287.15,5.34,0.909948389
03-Oct-25,28-Oct-25,BHARTIARTL,Non-Hld,1896.9,13.8,13.10238908,36.62305276,-2.497549286,4.147660059,-6.645209345,NA,1900,NA,1835.9,3.33,1964.1,3.55,0.77330302
03-Oct-25,28-Oct-25,BHEL,Non-Hld,244.8,90.4,9.388953488,62.86076085,3.456400319,2.360034651,1.096365668,NA,240,NA,224.6,9,255.4,4.34,0.590943829
03-Oct-25,28-Oct-25,BIOCON,Non-Hld,351.6,43.2,36.18464052,41.06229067,-4.834507417,-2.891268347,-1.94323907,NA,350,NA,332.05,5.89,367.95,4.66,0.776070252
03-Oct-25,28-Oct-25,BLUESTARCO,Non-Hld,1899,31.3,3.297222222,44.8815659,7.8526918,19.56855987,-11.71586807,NA,2000,NA,1853.55,2.46,2146.45,13.04,0.815455187
03-Oct-25,28-Oct-25,BOSCHLTD,Non-Hld,38555,35.8,5.267857143,38.66873839,-352.9920927,-87.85174034,-265.1403524,NA,40000,NA,38064.2,1.29,41935.8,8.77,0.755663117
03-Oct-25,28-Oct-25,BPCL,Non-Hld,342,53.4,15.52964427,66.83860397,4.544980432,2.463093495,2.081886937,NA,350,NA,331.35,3.22,368.65,7.8,0.853609892
03-Oct-25,28-Oct-25,BRITANNIA,Non-Hld,5985,27.7,3.46519174,50.733772,34.32528939,68.79812463,-34.47283524,NA,6000,NA,5756.05,3.98,6243.95,4.33,0.616262976
03-Oct-25,28-Oct-25,CANBK,Non-Hld,125.98,62.6,11.83770883,68.80877614,3.575553156,2.790519585,0.785033571,NA,120,NA,110.5,14.01,129.5,2.8,0.545696129
03-Oct-25,28-Oct-25,CHOLAFIN,Non-Hld,1572,332,5.38277512,59.96847466,29.5113949,26.80334559,2.708049306,NA,1500,NA,1405,11.89,1595,1.47,0.526960784
03-Oct-25,28-Oct-25,CIPLA,Non-Hld,1517.5,138,3.315151515,42.87330175,-12.7716206,-5.554994374,-7.216626222,NA,1600,NA,1513.6,0.26,1686.4,11.14,0.557278816
03-Oct-25,28-Oct-25,COFORGE,Non-Hld,1614.9,66.6,10.43048128,38.32337791,-49.66753651,-36.0560026,-13.61153391,NA,1800,NA,1597.7,1.08,2002.3,23.99,0.646816373
03-Oct-25,28-Oct-25,COLPAL,Non-Hld,2214.5,707,45.8480663,35.30831022,-26.3837903,-7.8111913,-18.572599,NA,2300,NA,2182.1,1.49,2417.9,9.19,0.616918369
03-Oct-25,28-Oct-25,CONCOR,Non-Hld,534.15,111,6.113445378,34.56092607,-8.869880731,-7.340497945,-1.529382787,NA,530,NA,502.45,6.31,557.55,4.39,0.680261106
03-Oct-25,28-Oct-25,CROMPTON,Non-Hld,295,97.7,12.92397661,26.47983366,-8.573794382,-6.605775223,-1.968019159,NA,300,NA,283.45,4.08,316.55,7.31,0.671649979
03-Oct-25,28-Oct-25,CUMMINSIND,Non-Hld,3929,15.1,3.606358382,40.78335388,25.8516776,57.74622492,-31.89454732,NA,4000,NA,3805.75,3.24,4194.25,6.76,0.758939096
03-Oct-25,28-Oct-25,CYIENT,Non-Hld,1174.7,42.4,10.27407407,38.53789503,-16.46650686,-7.942690739,-8.523816116,NA,1300,NA,1155.75,1.64,1444.25,22.95,0.847315074
03-Oct-25,28-Oct-25,DABUR,Non-Hld,496,151,9.271186441,32.3138614,-8.361055654,-2.834940462,-5.526115192,NA,500,NA,478.1,3.75,521.9,5.23,0.697143144
03-Oct-25,28-Oct-25,DALBHARAT,Non-Hld,2250,30.3,2.341176471,31.31396892,-28.39215745,-1.621708699,-26.77044875,NA,2400,NA,2231.3,0.84,2568.7,14.17,0.738975967
03-Oct-25,28-Oct-25,DELHIVERY,Non-Hld,437.6,12.1,1.413602941,34.87113624,-4.674394481,0.197296723,-4.871691205,NA,450,NA,420.6,4.05,479.4,9.56,0.852280463
03-Oct-25,28-Oct-25,DIVISLAB,Non-Hld,5851.5,422,8.166666667,30.76891789,-118.2731,-85.48342309,-32.78967693,NA,6000,NA,5712.2,2.44,6287.8,7.46,0.580188679
03-Oct-25,28-Oct-25,DIXON,Non-Hld,16597,13.6,1.659813084,32.84249092,-53.69237001,207.9466829,-261.6390529,NA,18000,NA,16366.2,1.42,19633.8,18.3,0.723858921
03-Oct-25,28-Oct-25,DLF,Non-Hld,727.5,29.8,2.27764977,36.40578509,-13.25546777,-8.41382081,-4.841646958,NA,740,NA,699.7,3.98,780.3,7.26,0.730282096
03-Oct-25,28-Oct-25,DMART,Non-Hld,4420,0,1.750884086,38.36094027,-12.66073276,28.77096929,-41.43170205,NA,4700,NA,4306.6,2.64,5093.4,15.24,0.526851616
03-Oct-25,28-Oct-25,DRREDDY,Non-Hld,1247.8,87.5,14.03422983,41.85419645,-5.69701717,4.062279743,-9.759296913,NA,1300,NA,1230.4,1.42,1369.6,9.77,0.656317172
03-Oct-25,28-Oct-25,EICHERMOT,Non-Hld,6935,106,3.517962003,72.60814044,224.9692662,252.8576736,-27.88840742,NA,7000,NA,6712.5,3.32,7287.5,5.09,0.674055358
03-Oct-25,28-Oct-25,ETERNAL,Non-Hld,328.2,641,3.50350438,54.00310503,3.564089103,5.357016813,-1.79292771,NA,320,NA,295.95,10.9,344.05,4.83,0.627135284
03-Oct-25,28-Oct-25,EXIDEIND,Non-Hld,398,39.5,9.349328215,43.63920318,-2.626410406,1.069569335,-3.695979741,NA,400,NA,380.15,4.7,419.85,5.49,0.706271424
03-Oct-25,28-Oct-25,FEDERALBNK,Non-Hld,192.25,65.2,11.20300752,46.67881803,-1.113247222,-1.036108269,-0.077138953,NA,200,NA,189.7,1.35,210.3,9.39,0.636949517
03-Oct-25,28-Oct-25,FORTIS,Non-Hld,980,29.8,10.79689922,63.9088084,13.38035734,14.88152337,-1.501166028,NA,1000,NA,948.8,3.29,1051.2,7.27,0.834455017
03-Oct-25,28-Oct-25,GAIL,Non-Hld,177.6,45.9,14.72368421,44.80217726,-0.414072031,0.027906763,-0.441978795,NA,180,NA,171.1,3.8,188.9,6.37,0.931896282
03-Oct-25,28-Oct-25,GLENMARK,Non-Hld,1977,21.4,2.851183432,40.5306945,-13.43492226,1.948292179,-15.38321444,NA,2200,NA,1980.7,-0.18,2419.3,22.38,0.785988591
03-Oct-25,28-Oct-25,GMRAIRPORT,Non-Hld,89.12,87.4,9.620253165,51.49448655,-0.107178214,0.098012097,-0.205190312,NA,90,NA,85.4,4.36,94.6,6.15,0.684422111
03-Oct-25,28-Oct-25,GODREJCP,Non-Hld,1148,24.1,5.601515152,31.63648098,-20.24966825,-10.82395806,-9.425710198,NA,1200,NA,1124.5,2.09,1275.5,11.11,0.749982715
03-Oct-25,28-Oct-25,GODREJPROP,Non-Hld,2036.9,285,2.76,50.0131768,-11.03399968,-8.394323516,-2.639676169,NA,2000,NA,1870,8.93,2130,4.58,0.619262944
03-Oct-25,28-Oct-25,GRASIM,Non-Hld,2799.3,25.9,2.5,48.31350713,-5.538651214,3.692265315,-9.230916529,NA,2900,NA,2759.9,1.43,3040.1,8.61,0.825747126
03-Oct-25,28-Oct-25,HAL,Non-Hld,4871,8.35,2.061111111,59.83207982,61.66590881,63.37686001,-1.710951198,NA,5000,NA,4721.05,3.18,5278.95,8.38,0.539525945
03-Oct-25,28-Oct-25,HAVELLS,Non-Hld,1490,56.5,12.14832536,31.12387916,-12.12894022,0.835626396,-12.96456662,NA,1600,NA,1479.85,0.69,1720.15,15.45,0.642762394
03-Oct-25,28-Oct-25,HCLTECH,Non-Hld,1392.8,20.4,15.67834395,34.2197377,-23.14467361,-17.02704185,-6.117631755,NA,1400,NA,1327.05,4.96,1472.95,5.76,0.612583075
03-Oct-25,28-Oct-25,HDFCAMC,Non-Hld,5595,16.8,2.602115813,41.07239959,-3.359309557,34.54182353,-37.90113309,NA,5500,NA,5195.7,7.69,5804.3,3.75,0.600407228
03-Oct-25,28-Oct-25,HDFCBANK,Non-Hld,963.7,19.9,3.204225352,17.44898741,-127.4403811,-163.2167081,35.77632701,NA,1000,NA,956.15,0.79,1043.85,8.32,0.795182577
03-Oct-25,28-Oct-25,HDFCLIFE,Non-Hld,760,35.5,6.24379085,46.03278237,-2.674672978,-0.637281803,-2.037391175,NA,800,NA,750.9,1.22,849.1,11.73,0.781571562
03-Oct-25,28-Oct-25,HEROMOTOCO,Non-Hld,5545.5,68.7,6.935483871,62.4604834,102.0825563,122.6310968,-20.54854059,NA,5400,NA,5085.15,9.06,5714.85,3.06,0.819686801
03-Oct-25,28-Oct-25,HFCL,Non-Hld,75.9,0,-0.903885481,48.58760296,0.106524382,0.144128825,-0.037604443,NA,80,NA,73.05,3.91,86.95,14.56,0.54141998
03-Oct-25,28-Oct-25,HINDALCO,Non-Hld,780,38.8,1.314638783,68.89531608,11.15119752,11.47631728,-0.325119758,NA,800,NA,760.5,2.57,839.5,7.63,0.568987045
03-Oct-25,28-Oct-25,HINDPETRO,Non-Hld,445.2,29.5,11.68211382,67.14806176,10.04472037,5.991338546,4.053381829,NA,440,NA,411.7,8.14,468.3,5.19,0.858827935
03-Oct-25,28-Oct-25,HINDUNILVR,Non-Hld,2539,20.6,3.159879336,45.03639368,-17.87425763,-7.579492056,-10.29476558,NA,2600,NA,2502,1.48,2698,6.27,0.640656263
03-Oct-25,28-Oct-25,HINDZINC,Non-Hld,492.3,64.7,2.993464052,64.34393094,9.608121712,7.408099872,2.200021839,NA,500,NA,466.65,5.5,533.35,8.34,0.453055802
03-Oct-25,28-Oct-25,HUDCO,Non-Hld,233.67,70.6,9.165613148,60.26946422,3.08077199,3.033081932,0.047690057,NA,230,NA,214.55,8.92,245.45,5.05,0.605180929
03-Oct-25,28-Oct-25,ICICIBANK,Non-Hld,1365,8.98,1.421111111,38.69621083,-16.39421212,-12.23948609,-4.154726033,NA,1400,NA,1346.6,1.37,1453.4,6.48,0.88987495
03-Oct-25,28-Oct-25,ICICIGI,Non-Hld,1910.6,32.7,23.45228216,53.96247848,1.643766831,-2.861162003,4.504928833,NA,1900,NA,1803.7,5.93,1996.3,4.49,0.712099257
03-Oct-25,28-Oct-25,ICICIPRULI,Non-Hld,602,49.5,0.903381643,44.84310454,-5.510311393,-5.571573599,0.061262206,NA,620,NA,584.3,3.03,655.7,8.93,1.105891239
03-Oct-25,28-Oct-25,IDEA,Non-Hld,8.84,9.77,2.930578512,62.23367154,0.372370116,0.361775384,0.010594732,NA,10,NA,8.2,7.81,11.8,33.49,0.735928858
03-Oct-25,28-Oct-25,IDFCFIRSTB,Non-Hld,69.15,23.2,7.085784314,40.22234984,-0.399579422,-0.099391056,-0.300188366,NA,70,NA,66.15,4.54,73.85,6.8,0.87851073
03-Oct-25,28-Oct-25,IGL,Non-Hld,209.5,59.5,4.359202454,48.14380372,-0.906074329,-0.155408582,-0.750665748,NA,210,NA,198.35,5.63,221.65,5.8,0.588152723
03-Oct-25,28-Oct-25,IIFL,Non-Hld,458,14.7,1.184251969,52.8959569,-2.387753154,-3.961543648,1.573790494,NA,470,NA,437.7,4.64,502.3,9.68,0.665880768
03-Oct-25,28-Oct-25,INDHOTEL,Non-Hld,725,43.3,15.46724891,34.48610623,-12.29781657,-5.742997554,-6.554819012,NA,800,NA,724.25,0.11,875.75,20.8,0.800108538
03-Oct-25,28-Oct-25,INDIANB,Non-Hld,767.4,27.7,4.039528796,68.50782585,17.4706227,14.06551827,3.405104432,NA,750,NA,707.3,8.5,792.7,3.3,0.419686801
03-Oct-25,28-Oct-25,INDUSINDBK,Non-Hld,748,24.6,3.028846154,47.69958175,-10.27095805,-11.83879497,1.567836918,NA,800,NA,739.25,1.19,860.75,15.08,0.561470215
03-Oct-25,28-Oct-25,INDUSTOWER,Non-Hld,354.6,25.6,7.451197053,50.54993798,-0.280837713,-0.056324554,-0.224513159,NA,370,NA,345.75,2.56,394.25,11.19,0.691559504
03-Oct-25,28-Oct-25,INFY,Non-Hld,1445.5,22.8,2.206967213,39.43320509,-11.47188294,-3.435310796,-8.036572144,NA,1500,NA,1405.5,2.85,1594.5,10.31,0.792363708
03-Oct-25,28-Oct-25,INOXWIND,Non-Hld,142.11,349,7.699745547,43.27667632,-1.866896378,-1.07019686,-0.796699517,NA,140,NA,130.1,9.24,149.9,5.49,0.767935768
03-Oct-25,28-Oct-25,IOC,Non-Hld,150.4,83.6,4.259055118,65.29193404,1.787989855,1.302486638,0.485503217,NA,150,NA,143.2,5.03,156.8,4.26,0.712643678
03-Oct-25,28-Oct-25,IREDA,Non-Hld,154.31,37.1,3.560736196,54.00157597,0.68406638,0.9542878,-0.27022142,NA,155,NA,143.9,7.24,166.1,7.65,0.633478444
03-Oct-25,28-Oct-25,IRFC,Non-Hld,126,183,18.25726744,49.15319018,-0.444956986,-0.220415133,-0.224541853,NA,130,NA,121.95,3.33,138.05,9.57,0.683647102
03-Oct-25,28-Oct-25,ITC,Non-Hld,404.6,65.2,10.5950324,47.34899377,-1.759571945,-1.311566285,-0.44800566,NA,410,NA,398.1,1.64,421.9,4.28,0.611772415
03-Oct-25,28-Oct-25,JINDALSTEL,Non-Hld,1077,227,17.63922518,60.36321128,14.53332098,14.79344176,-0.260120788,NA,1080,NA,1024.65,5.11,1135.35,5.42,0.526112807
03-Oct-25,28-Oct-25,JIOFIN,Non-Hld,302.6,52,6.680693069,37.83635643,-5.157425343,-3.53831811,-1.619107232,NA,300,NA,284.65,6.31,315.35,4.22,0.885324232
03-Oct-25,28-Oct-25,JSWENERGY,Non-Hld,540.9,55.1,13.12039312,55.83722779,3.534467611,3.622373825,-0.087906214,NA,550,NA,519.4,4.14,580.6,7.34,0.605774897
03-Oct-25,28-Oct-25,JSWSTEEL,Non-Hld,1160.8,31,3.572881356,66.30579806,20.34029372,19.49014421,0.850149516,NA,1200,NA,1138.35,1.98,1261.65,8.69,1.174187607
03-Oct-25,28-Oct-25,JUBLFOOD,Non-Hld,628.05,49.9,16.23595506,43.36878198,-7.927103158,-6.593753362,-1.333349797,NA,700,NA,629.75,-0.26,770.25,22.65,0.82299601
03-Oct-25,28-Oct-25,KALYANKJIL,Non-Hld,490.55,91.6,10.28250591,35.30374705,-17.81180665,-14.33711363,-3.474693021,NA,500,NA,463.25,5.9,536.75,9.42,0.645391438
03-Oct-25,28-Oct-25,KAYNES,Non-Hld,7285,5.8,0.879362671,57.59308691,196.1338787,244.1395819,-48.00570319,NA,7000,NA,6408.6,13.68,7591.4,4.21,0.782495291
03-Oct-25,28-Oct-25,KEI,Non-Hld,4048.5,11.8,4.5275,48.55244827,30.66083469,50.62665201,-19.96581732,NA,4200,NA,3937.35,2.83,4462.65,10.23,0.43937733
03-Oct-25,28-Oct-25,KOTAKBANK,Non-Hld,2108,47.6,5.792708333,61.37126492,6.723714119,2.978231609,3.74548251,NA,2100,NA,2014.2,4.66,2185.8,3.7,0.480938967
03-Oct-25,28-Oct-25,KPITTECH,Non-Hld,1156,46.6,7.156596558,38.80242846,-14.85970575,0.286550758,-15.14625651,NA,1200,NA,1118.3,3.38,1281.7,10.88,0.545981741
03-Oct-25,28-Oct-25,LAURUSLABS,Non-Hld,869.9,24.9,2.602970297,48.55180081,-1.07971889,7.130183184,-8.209902074,NA,900,NA,838.2,3.79,961.8,10.57,1.079153947
03-Oct-25,28-Oct-25,LICHSGFIN,Non-Hld,579.5,32.7,6.943690638,53.04712768,0.11739215,0.062004783,0.055387368,NA,600,NA,572.1,1.3,627.9,8.36,0.720379147
03-Oct-25,28-Oct-25,LICI,Non-Hld,905.5,17.1,3.712406015,57.8760446,2.454049251,0.054543698,2.399505553,NA,900,NA,859.2,5.39,940.8,3.9,0.856011875
03-Oct-25,28-Oct-25,LODHA,Non-Hld,1112.2,32.3,6.98989899,34.94463442,-22.9826761,-20.11504723,-2.867628874,NA,1200,NA,1098.5,1.25,1301.5,17.03,0.640850819
03-Oct-25,28-Oct-25,LT,Non-Hld,3742.9,14,2.058633094,54.89999066,24.17749339,20.44643361,3.731059785,NA,3700,NA,3556.2,5.25,3843.8,2.7,0.561915888
03-Oct-25,28-Oct-25,LTF,Non-Hld,262.9,55.9,6.918309859,73.74866858,8.093554677,7.946805313,0.146749365,NA,250,NA,229.45,14.58,270.55,2.91,0.636363636
03-Oct-25,28-Oct-25,LTIM,Non-Hld,5117.5,46,19.29347826,42.93282637,-13.49493377,16.53315968,-30.02809346,NA,6000,NA,5994.5,-14.63,6005.5,17.36,0.74134652
03-Oct-25,28-Oct-25,LUPIN,Non-Hld,1975,35.4,5.2851889,51.59521896,-0.781867359,9.306186251,-10.08805361,NA,2000,NA,1909.35,3.44,2090.65,5.86,0.511410144
03-Oct-25,28-Oct-25,M%26M,Non-Hld,3460,136,12.54396249,48.82283263,20.29209189,51.35336093,-31.06126903,NA,3500,NA,3327.7,3.98,3672.3,6.14,0.49824225
03-Oct-25,28-Oct-25,MANAPPURAM,Non-Hld,286.15,55.9,16.21348315,53.69951207,2.396561486,4.186241227,-1.789679741,NA,300,NA,279.1,2.53,320.9,12.15,0.594620743
03-Oct-25,28-Oct-25,MANKIND,Non-Hld,2456,84.6,21.61772487,35.46306485,-21.332664,-1.461349692,-19.8713143,NA,2600,NA,2385.9,2.94,2814.1,14.59,0.683316583
03-Oct-25,28-Oct-25,MARICO,Non-Hld,710,0,8.228205128,39.21958303,-6.743131019,-3.940891579,-2.80223944,NA,740,NA,693.5,2.38,786.5,10.78,0.654022989
03-Oct-25,28-Oct-25,MARUTI,Non-Hld,15808,63.8,3.004507042,68.07306831,510.1326581,563.5474857,-53.41482763,NA,17000,NA,15820.05,-0.07,18179.95,15.01,0.544537078
03-Oct-25,28-Oct-25,MAXHEALTH,Non-Hld,1070,36.8,8.268882175,34.30450508,-22.33934628,-19.29525422,-3.044092066,NA,1200,NA,1065.9,0.39,1334.1,24.69,0.738872404
03-Oct-25,28-Oct-25,MAZDOCK,Non-Hld,2886,20.6,4.322615804,50.00917114,11.96287622,25.24843792,-13.2855617,NA,3000,NA,2777.15,3.92,3222.85,11.68,0.679654591
03-Oct-25,28-Oct-25,MFSL,Non-Hld,1604.5,7.02,2.251527495,59.56469435,-1.502924065,-3.827261953,2.324337888,NA,1600,NA,1519.95,5.57,1680.05,4.71,0.74852871
03-Oct-25,28-Oct-25,MPHASIS,Non-Hld,2737,106,3.11682243,40.14998141,-40.56965668,-8.649133696,-31.92052299,NA,2700,NA,2534.2,8.01,2865.8,4.71,0.701581028
03-Oct-25,28-Oct-25,MUTHOOTFIN,Non-Hld,3172.8,53.1,13.11832947,71.68532102,93.45060662,87.36994955,6.080657066,NA,3000,NA,2772.5,14.44,3227.5,1.73,0.600754717
03-Oct-25,28-Oct-25,NATIONALUM,Non-Hld,221.1,17,1.781610169,61.19602241,3.097399463,3.851032738,-0.753633275,NA,220,NA,205.75,7.47,234.25,5.95,0.718337731
03-Oct-25,28-Oct-25,NAUKRI,Non-Hld,1334,75,54.6728972,44.80199376,-12.86071127,-8.341209758,-4.519501509,NA,1400,NA,1307.2,2.06,1492.8,11.91,0.631925799
03-Oct-25,28-Oct-25,NBCC,Non-Hld,113.08,27.8,2.277486911,53.91019718,0.691564247,0.736255159,-0.044690912,NA,110,NA,101.7,11.19,118.3,4.62,0.508188061
03-Oct-25,28-Oct-25,NCC,Non-Hld,210.23,10.2,2.29672619,47.84729018,-1.910785057,-1.803962504,-0.106822553,NA,210,NA,197.45,6.48,222.55,5.87,0.789687445
03-Oct-25,28-Oct-25,NESTLEIND,Non-Hld,1170,16.7,2.046706587,29.53248254,-69.03067992,-88.81357546,19.78289554,NA,1180,NA,1137.3,2.88,1222.7,4.51,0.700608702
03-Oct-25,28-Oct-25,NHPC,Non-Hld,87,31.5,12.5027881,57.23155397,1.134272587,1.055695843,0.078576744,NA,90,NA,84.35,3.15,95.65,9.95,0.486098021
03-Oct-25,28-Oct-25,NMDC,Non-Hld,77.17,1007,41.14137931,56.95508516,1.024049513,1.226013934,-0.201964421,NA,80,NA,75.35,2.42,84.65,9.7,0.505767524
03-Oct-25,28-Oct-25,NTPC,Non-Hld,341.8,36.1,4.055555556,55.12243655,1.999226336,1.39575814,0.603468196,NA,350,NA,336.55,1.56,363.45,6.34,0.796428571
03-Oct-25,28-Oct-25,NUVAMA,Non-Hld,6726.5,22.9,10.2652124,52.21623159,-116.7293184,-152.5802848,35.85096635,NA,7400,NA,7349.85,-8.48,7450.15,10.76,0.608840864
03-Oct-25,28-Oct-25,NYKAA,Non-Hld,238.62,12.3,1.491039427,58.48946766,2.022632026,3.577535636,-1.55490361,NA,250,NA,233.1,2.37,266.9,11.86,0.461112819
03-Oct-25,28-Oct-25,OBEROIRLTY,Non-Hld,1606,8.83,0.97123506,41.52793755,-15.26705867,-10.98284255,-4.284216119,NA,1700,NA,1582.25,1.51,1817.75,13.19,0.61435837
03-Oct-25,28-Oct-25,OFSS,Non-Hld,8941,62.5,34.02931854,48.99642152,-2.698320119,57.6391519,-60.33747202,NA,9000,NA,8459,5.7,9541,6.72,0.456516195
03-Oct-25,28-Oct-25,OIL,Non-Hld,416,52.5,5.571904762,53.29532713,1.121827101,-1.372550798,2.494377899,NA,420,NA,393.05,5.84,446.95,7.44,0.649646931
03-Oct-25,28-Oct-25,ONGC,Non-Hld,243.78,0,5.767326733,64.2144917,1.064518129,0.210631337,0.853886792,NA,250,NA,239.8,1.66,260.2,6.74,0.889181672
03-Oct-25,28-Oct-25,PAGEIND,Non-Hld,42945,61.9,13.13989637,39.8930518,-1003.642787,-776.2994818,-227.3433053,NA,42000,NA,39942.4,7.52,44057.6,2.6,0.671618995
03-Oct-25,28-Oct-25,PATANJALI,Non-Hld,585.05,11.5,2.153875969,9.622627593,-284.3429092,-291.7844009,7.441491704,NA,600,NA,564.7,3.61,635.3,8.59,1.167735879
03-Oct-25,28-Oct-25,PAYTM,Non-Hld,1165,7.5,1.496376812,43.85518999,-13.466105,0.350231156,-13.81633616,NA,1200,NA,1113.05,4.67,1286.95,10.47,0.839852095
03-Oct-25,28-Oct-25,PERSISTENT,Non-Hld,5072,149,5.755592841,38.08304741,-105.8744539,-49.82525723,-56.04919672,NA,5000,NA,4632.1,9.5,5367.9,5.84,0.496012759
03-Oct-25,28-Oct-25,PETRONET,Non-Hld,277.85,193,10.46174497,47.03576412,-1.311082875,-1.618801585,0.30771871,NA,270,NA,253.2,9.74,286.8,3.23,0.541755889
03-Oct-25,28-Oct-25,PGEL,Non-Hld,514.55,69.3,15.62355415,30.8039353,-23.37073487,-20.99883488,-2.371899983,NA,600,NA,509.9,0.92,690.1,34.12,0.744935065
03-Oct-25,28-Oct-25,PHOENIXLTD,Non-Hld,1558.8,30,5.332989691,50.43354818,9.319852618,17.18164628,-7.861793661,NA,1600,NA,1505.6,3.54,1694.4,8.7,0.879230259
03-Oct-25,28-Oct-25,PIDILITIND,Non-Hld,1485.8,8.73,0.993913043,6.611518946,-433.6308987,-282.261429,-151.3694697,NA,1500,NA,1444,2.9,1556,4.73,0.742244224
03-Oct-25,28-Oct-25,PIIND,Non-Hld,3621.1,11.3,1.37345679,40.19082244,-78.11523453,-70.93131513,-7.183919404,NA,3600,NA,3433.6,5.47,3766.4,4.02,0.646668095
03-Oct-25,28-Oct-25,PNB,Non-Hld,114.3,0,9.832369942,60.2249974,1.544879396,1.372198917,0.172680478,NA,115,NA,109.05,4.82,120.95,5.82,1.110225764
03-Oct-25,28-Oct-25,PNBHOUSING,Non-Hld,890,51,11.37904468,58.35885842,12.76339998,7.041687803,5.721712178,NA,900,NA,833.75,6.75,966.25,8.57,0.600980392
03-Oct-25,28-Oct-25,POLICYBZR,Non-Hld,1701,17.3,2.909778226,34.39997781,-34.97943598,-21.87910822,-13.10032776,NA,1700,NA,1585.7,7.28,1814.3,6.67,0.725462703
03-Oct-25,28-Oct-25,POLYCAB,Non-Hld,7385,160,19.27936508,53.76492774,75.3986267,106.5090918,-31.11046514,NA,7000,NA,6467.6,14.19,7532.4,2,0.11627907
03-Oct-25,28-Oct-25,POWERINDIA,Non-Hld,18219,36.6,3.527224199,36.46457714,-281.9286352,-163.600618,-118.3280173,NA,18000,NA,16731.05,8.9,19268.95,5.77,0.42119403
03-Oct-25,28-Oct-25,PPLPHARMA,Non-Hld,198.23,654,5.579272727,52.29836222,-0.538474046,0.402563686,-0.941037732,NA,210,NA,193.9,2.24,226.1,14.06,0.952136752
03-Oct-25,28-Oct-25,PRESTIGE,Non-Hld,1534.3,32.3,1.072373541,43.93601917,-19.35110825,-13.15456848,-6.196539774,NA,1600,NA,1493.25,2.75,1706.75,11.24,0.419765048
03-Oct-25,28-Oct-25,RBLBANK,Non-Hld,275.6,5.99,1.289830508,57.52983582,3.424487492,3.22252164,0.201965852,NA,300,NA,266.45,3.44,333.55,21.03,0.969710383
03-Oct-25,28-Oct-25,RECLTD,Non-Hld,380.5,49,3.399750623,50.68470375,-0.526991093,-0.431445309,-0.095545784,NA,380,NA,360.1,5.67,399.9,5.1,0.783470952
03-Oct-25,28-Oct-25,RELIANCE,Non-Hld,1363.3,65.8,8.38647343,41.38757052,-6.161512235,-3.874317315,-2.28719492,NA,1400,NA,1343.7,1.46,1456.3,6.83,0.45001702
03-Oct-25,28-Oct-25,RVNL,Non-Hld,347.2,19.6,1.000740741,50.54246351,1.555176535,2.333729965,-0.77855343,NA,400,NA,338.55,2.56,461.45,32.91,0.495587854
03-Oct-25,28-Oct-25,SAIL,Non-Hld,135.1,13.9,0.597527273,58.52326724,2.07325428,2.223385678,-0.150131398,NA,140,NA,130.3,3.69,149.7,10.81,0.937873668
03-Oct-25,28-Oct-25,SAMMAANCAP,Non-Hld,164.32,45.3,6.2,80.81436613,7.037167647,4.307192937,2.72997471,NA,150,NA,130.25,26.16,169.75,3.31,0.506495539
03-Oct-25,28-Oct-25,SBICARD,Non-Hld,899,72,10.03932584,57.32741901,12.39462336,12.5751376,-0.180514243,NA,900,NA,847.45,6.09,952.55,5.96,0.398571429
03-Oct-25,28-Oct-25,SBILIFE,Non-Hld,1787,11,1.646489564,45.75885177,-6.767790618,-4.035632423,-2.732158195,NA,1800,NA,1725.1,3.59,1874.9,4.92,0.606298891
03-Oct-25,28-Oct-25,SBIN,Non-Hld,867.7,70.4,4.9608777,63.25244337,14.27368834,12.35758224,1.916106103,NA,880,NA,848.95,2.21,911.05,5,0.738823529
03-Oct-25,28-Oct-25,SHREECEM,Non-Hld,29165,13.9,2.16638796,43.24488732,-229.357208,-210.9874983,-18.36970964,NA,30000,NA,28649.6,1.8,31350.4,7.5,0.799197861
03-Oct-25,28-Oct-25,SHRIRAMFIN,Non-Hld,647.75,68.1,9.209302326,63.37515496,3.110958455,1.097246499,2.013711956,NA,650,NA,609.45,6.29,690.55,6.61,0.444125487
03-Oct-25,28-Oct-25,SOLARINDS,Non-Hld,13845,141,40.84070796,33.93343315,-242.4105933,-147.4556664,-94.95492683,NA,15000,NA,13603.25,1.78,16396.75,18.44,0.601384083
03-Oct-25,28-Oct-25,SONACOMS,Non-Hld,421.4,46.1,4.85483871,38.52341079,-10.46550907,-8.852095868,-1.613413203,NA,420,NA,392.5,7.37,447.5,6.2,0.758361775
03-Oct-25,28-Oct-25,SRF,Non-Hld,2918,61.2,7.482051282,49.96686889,-24.87808163,-19.39027191,-5.487809718,NA,3000,NA,2845.8,2.54,3154.2,8.1,1.166195191
03-Oct-25,28-Oct-25,SUNPHARMA,Non-Hld,1632,78.6,16.15841584,55.14018875,-1.726060595,-2.213326819,0.487266224,NA,1600,NA,1525.35,7,1674.65,2.62,1.112978112
03-Oct-25,28-Oct-25,SUPREMEIND,Non-Hld,4200,63.8,10.6870229,36.80249062,-58.68162532,-25.67948404,-33.00214128,NA,4500,NA,4140.1,1.45,4859.9,15.72,0.67781155
03-Oct-25,28-Oct-25,SUZLON,Non-Hld,54.62,43.7,13.3872549,34.33042718,-1.074274907,-0.829201068,-0.245073838,NA,56,NA,52.25,4.54,59.75,9.4,0.592045725
03-Oct-25,28-Oct-25,SYNGENE,Non-Hld,633.45,54.7,5.50826087,43.88052493,-8.917744995,-5.931111695,-2.9866333,NA,640,NA,605.9,4.55,674.1,6.42,0.981217617
03-Oct-25,28-Oct-25,TATACONSUM,Non-Hld,1138.5,64.9,6.619186047,63.71839748,13.80219292,12.66808331,1.134109606,NA,1150,NA,1096.85,3.8,1203.15,5.68,0.473039854
03-Oct-25,28-Oct-25,TATAELXSI,Non-Hld,5350,44.8,11.65577342,29.16969995,-104.3076203,-66.45368428,-37.853936,NA,6000,NA,5212.15,2.65,6787.85,26.88,0.622682878
03-Oct-25,28-Oct-25,TATAMOTORS,Non-Hld,715.85,29.8,7.883810573,59.75411721,0.175222879,2.05461217,-1.879389291,NA,800,NA,716.3,-0.06,883.7,23.45,0.701115579
03-Oct-25,28-Oct-25,TATAPOWER,Non-Hld,395,43.3,6.869565217,52.76979117,0.437724065,0.57827246,-0.140548395,NA,400,NA,383.8,2.92,416.2,5.37,0.953698311
03-Oct-25,28-Oct-25,TATASTEEL,Non-Hld,173.29,14.6,1.698921569,49.94624895,1.78713129,2.524189263,-0.737057973,NA,175,NA,166.7,3.96,183.3,5.78,0.747953295
03-Oct-25,28-Oct-25,TATATECH,Non-Hld,707,44.2,17.32843137,50.39358168,-2.121956627,0.841045973,-2.9630026,NA,700,NA,662.9,6.66,737.1,4.26,0.646128568
03-Oct-25,28-Oct-25,TCS,Non-Hld,2903,21.6,13.88995215,32.652453,-50.79592245,-26.7770357,-24.01888675,NA,3000,NA,2842.5,2.13,3157.5,8.77,0.777576732
03-Oct-25,28-Oct-25,TECHM,Non-Hld,1398,34,6.104803493,32.70458343,-27.55993624,-15.77980014,-11.7801361,NA,1500,NA,1380.9,1.24,1619.1,15.82,0.959735577
03-Oct-25,28-Oct-25,TIINDIA,Non-Hld,3130,45.8,11.63568773,42.42766107,16.26603386,51.87838752,-35.61235367,NA,3200,NA,2999.75,4.35,3400.25,8.64,0.4824
03-Oct-25,28-Oct-25,TITAGARH,Non-Hld,890.95,43.5,4.764438503,47.55251895,5.052337799,12.00561453,-6.953276735,NA,900,NA,839.45,6.14,960.55,7.82,0.572810317
03-Oct-25,28-Oct-25,TITAN,Non-Hld,3450,85.4,18.25396825,40.29492997,-49.76494029,-32.14957764,-17.61536265,NA,3400,NA,3238.3,6.54,3561.7,3.24,0.678783989
03-Oct-25,28-Oct-25,TORNTPHARM,Non-Hld,3513.9,59.9,15.68705357,47.33620889,-1.226630211,1.390002738,-2.61663295,NA,3600,NA,3457.35,1.64,3742.65,6.51,0.506141249
03-Oct-25,28-Oct-25,TORNTPOWER,Non-Hld,1219,23.6,3.523121387,33.99883159,-18.72443672,-15.46128902,-3.2631477,NA,1300,NA,1202.35,1.39,1397.65,14.66,0.66163668
03-Oct-25,28-Oct-25,TRENT,Non-Hld,4817.8,103,29.02289157,37.25768174,-160.495489,-127.9437798,-32.55170922,NA,5000,NA,4658.2,3.43,5341.8,10.88,0.652506472
03-Oct-25,28-Oct-25,TVSMOTOR,Non-Hld,3447.6,56.4,16.49569378,57.99519047,51.63951193,78.0381768,-26.39866486,NA,3500,NA,3307.4,4.24,3692.6,7.11,0.651430451
03-Oct-25,28-Oct-25,ULTRACEMCO,Non-Hld,12018,50.2,5.081606765,39.56053265,-106.0896206,-53.00014524,-53.08947539,NA,13000,NA,12011.8,0.06,13988.2,16.4,0.626365688
03-Oct-25,28-Oct-25,UNIONBANK,Non-Hld,137.7,5.71,0.9,57.43862347,1.338861196,0.991513517,0.347347679,NA,140,NA,131.2,4.96,148.8,8.07,0.661322249
03-Oct-25,28-Oct-25,UNITDSPR,Non-Hld,1364,63,12.62962963,56.2150212,0.84190186,-0.476714472,1.318616332,NA,1520,NA,1341.6,1.67,1698.4,24.52,0.626452081
03-Oct-25,28-Oct-25,UNOMINDA,Non-Hld,1315.5,81.5,15.71684588,61.51569692,21.37635588,27.66908837,-6.292732487,NA,1320,NA,1249.75,5.27,1390.25,5.69,0.82460733
03-Oct-25,28-Oct-25,UPL,Non-Hld,676,80.1,4.76056338,37.72530161,-11.95402124,-7.809834076,-4.144187167,NA,700,NA,661.65,2.17,738.35,9.23,0.668770358
03-Oct-25,28-Oct-25,VBL,Non-Hld,443.45,59.1,8.304307116,31.91754184,-12.23340133,-10.22933193,-2.004069404,NA,500,NA,443.1,0.08,556.9,25.59,0.658715833
03-Oct-25,28-Oct-25,VEDL,Non-Hld,471.5,12.2,2.443005181,59.23003225,5.42415204,4.387190869,1.036961171,NA,500,NA,461.95,2.07,538.05,14.12,0.736132407
03-Oct-25,28-Oct-25,VOLTAS,Non-Hld,1360,70.2,5.528455285,43.69516691,-3.722710944,4.647245777,-8.369956721,NA,1400,NA,1314.75,3.45,1485.25,9.21,0.82930662
03-Oct-25,28-Oct-25,WIPRO,Non-Hld,241.2,20.8,4.013311148,41.08439465,-2.645273093,-1.260216374,-1.385056719,NA,250,NA,233.35,3.37,266.65,10.56,0.848946576
03-Oct-25,28-Oct-25,YESBANK,Non-Hld,21.84,25.3,1.409032258,69.35494713,0.424799605,0.42412941,0.000670195,NA,22,NA,20.6,6.02,23.4,7.15,0.502177068
03-Oct-25,28-Oct-25,ZYDUSLIFE,Non-Hld,988.55,22.3,4.68507109,43.75000261,-0.883549189,7.235977145,-8.119526335,NA,1100,NA,994.3,-0.57,1205.7,21.97,0.813776722
06-Oct-25,28-Oct-25,ABB,Holding,5233,102,7.567857143,44.4370222,-8.928108005,2.351136233,-11.27924424,NA,5200,NA,4947.8,5.77,5452.2,4.19,0.610631229
06-Oct-25,28-Oct-25,BEL,Holding,413.05,61.6,15.39117647,63.40074902,5.950408579,5.193025528,0.757383051,NA,410,NA,389.05,6.17,430.95,4.34,0.675976777
06-Oct-25,28-Oct-25,BSE,Holding,2216.5,33.9,3.154761905,40.35897115,-71.35214269,-72.25884488,0.906702192,NA,2100,NA,1877.35,18.07,2322.65,4.79,0.584538376
06-Oct-25,28-Oct-25,CAMS,Holding,3843.9,160,5.657012195,44.7304838,-16.41565906,0.25562613,-16.67128519,NA,3800,NA,3582.8,7.29,4017.2,4.51,0.541577825
06-Oct-25,28-Oct-25,CDSL,Holding,1527.8,130,11.13852814,42.69330988,-19.78723238,-13.58228727,-6.204945117,NA,1500,NA,1412.35,8.18,1587.65,3.92,0.63816686
06-Oct-25,28-Oct-25,CGPOWER,Holding,745.95,201,20.44787645,51.38545009,8.269016633,15.59918512,-7.330168482,NA,840,NA,837.1,-10.88,842.9,13,0.488531024
06-Oct-25,28-Oct-25,COALINDIA,Holding,382.3,138,10.00571429,40.70479601,0.567161704,1.900281161,-1.333119457,NA,400,NA,381.05,0.33,418.95,9.59,0.595933482
06-Oct-25,28-Oct-25,IEX,Holding,142.8,30.4,5.334626576,49.22322487,-1.565833002,-1.583408562,0.017575561,NA,150,NA,139.8,2.15,160.2,12.19,0.636363636
06-Oct-25,28-Oct-25,INDIGO,Holding,5696.5,183,14.62432916,46.18531032,-44.7826991,-43.017452,-1.765247095,NA,5800,NA,5567.15,2.33,6032.85,5.91,0.511580182
06-Oct-25,28-Oct-25,IRCTC,Holding,710.05,35,2.911167513,41.2210884,-5.070901759,-3.473541337,-1.597360422,NA,800,NA,708.3,0.25,891.7,25.59,0.769674355
06-Oct-25,28-Oct-25,KFINTECH,Holding,1065,19.5,3.644032258,44.08185672,-12.16120285,-10.27112385,-1.890079002,NA,1100,NA,1018.05,4.62,1181.95,10.99,0.81348277
06-Oct-25,28-Oct-25,MCX,Holding,8189,134,15.65765766,58.69490382,47.1636929,20.41030815,26.75338475,NA,8000,NA,7446.65,9.97,8553.35,4.45,0.650220618
06-Oct-25,28-Oct-25,MOTHERSON,Holding,106.28,81.3,12.57990115,54.26019895,1.329835542,1.358724488,-0.028888947,NA,115,NA,105.1,1.13,124.9,17.52,0.661713106
06-Oct-25,28-Oct-25,PFC,Holding,406.2,24.5,7.043367347,57.63960422,2.186055399,1.093800646,1.092254753,NA,410,NA,389.55,4.28,430.45,5.97,0.439846621
06-Oct-25,28-Oct-25,POWERGRID,Holding,286.75,60,11.89444444,55.78946883,-0.505674031,-0.392247171,-0.11342686,NA,300,NA,284.95,0.64,315.05,9.87,0.654737929
06-Oct-25,28-Oct-25,SIEMENS,Holding,3240,69.5,10.36567164,48.62171354,-5.929046091,9.836680608,-15.7657267,NA,3300,NA,3130.8,3.49,3469.2,7.08,0.548431105
06-Oct-25,28-Oct-25,360ONE,Non-Hld,1059.5,26.2,3.309090909,49.5357305,-9.878285265,-8.808282271,-1.070002994,NA,1100,NA,1033.15,2.56,1166.85,10.14,0.789951306
06-Oct-25,28-Oct-25,ABCAPITAL,Non-Hld,304.75,32.5,3.135714286,64.88149739,4.298759738,3.480127964,0.818631774,NA,300,NA,281.7,8.19,318.3,4.45,0.907207207
06-Oct-25,28-Oct-25,ADANIENSOL,Non-Hld,927.75,14.5,2.026845638,66.14334684,24.93540915,20.93542739,3.999981757,NA,1000,NA,906.35,2.37,1093.65,17.89,0.520533627
06-Oct-25,28-Oct-25,ADANIENT,Non-Hld,2573,29,7.64465682,63.08616897,58.27456577,49.12689969,9.147666082,NA,2600,NA,2452.1,4.94,2747.9,6.8,0.579807739
06-Oct-25,28-Oct-25,ADANIGREEN,Non-Hld,1059.2,259,38.76145038,59.87430007,27.58344924,25.83157673,1.751872515,NA,1200,NA,1049.35,0.94,1350.65,27.52,0.739257101
06-Oct-25,28-Oct-25,ADANIPORTS,Non-Hld,1400.8,40.7,7.112676056,57.88975359,13.24275487,13.67304146,-0.430286593,NA,1400,NA,1338.9,4.63,1461.1,4.31,0.64860328
06-Oct-25,28-Oct-25,ALKEM,Non-Hld,5500,12.9,1.079803922,53.96658624,48.41453774,66.97640505,-18.56186732,NA,5600,NA,5359.55,2.63,5840.45,6.19,0.874945534
06-Oct-25,28-Oct-25,AMBER,Non-Hld,8175,6.95,0.966909091,57.6924654,172.1909145,198.932505,-26.74159054,NA,8500,NA,7914.35,3.3,9085.65,11.14,0.911715867
06-Oct-25,28-Oct-25,AMBUJACEM,Non-Hld,573.5,5.87,0.723045977,50.32731854,-1.522689493,-1.464131349,-0.058558144,NA,600,NA,565.85,1.36,634.15,10.58,0.73286119
06-Oct-25,28-Oct-25,ANGELONE,Non-Hld,2259.3,102,14.29633028,40.6557035,-70.85884569,-77.90214097,7.043295287,NA,2300,NA,2109.9,7.09,2490.1,10.22,0.659204635
06-Oct-25,28-Oct-25,APLAPOLLO,Non-Hld,1738,55.1,15.29814815,64.00729598,15.29768764,12.38014125,2.917546389,NA,1700,NA,1602.55,8.46,1797.45,3.43,0.712640935
06-Oct-25,28-Oct-25,APOLLOHOSP,Non-Hld,7636,42.2,5.397379913,36.08306505,-62.7893261,-10.12861475,-52.66071135,NA,7700,NA,7450.75,2.49,7949.25,4.11,0.744059298
06-Oct-25,28-Oct-25,ASHOKLEY,Non-Hld,138.05,51.4,7.731300813,52.44341433,1.514649906,0.89533309,0.619316816,NA,145,NA,135.45,1.92,154.55,11.96,0.569055279
06-Oct-25,28-Oct-25,ASIANPAINT,Non-Hld,2355.1,316,3.398058252,33.66962632,-41.75315813,-24.11810112,-17.635057,NA,2500,NA,2349.75,0.23,2650.25,12.54,0.778554779
06-Oct-25,28-Oct-25,ASTRAL,Non-Hld,1389,3725,3.6203125,41.3255559,-11.55776128,-2.28551011,-9.272251173,NA,1500,NA,1375.05,1.02,1624.95,16.99,0.655306719
06-Oct-25,28-Oct-25,AUBANK,Non-Hld,764.4,87.5,13.64028777,56.6191754,1.95137048,-1.491585467,3.442955946,NA,720,NA,663,15.3,777,1.65,0.876478318
06-Oct-25,28-Oct-25,AUROPHARMA,Non-Hld,1097.5,51.7,8.303094984,52.80282211,5.148413963,6.065566946,-0.917152983,NA,1100,NA,1045,5.03,1155,5.24,0.670347874
06-Oct-25,28-Oct-25,AXISBANK,Non-Hld,1208,8.39,1.831550802,69.28099791,21.33450981,17.56985966,3.764650146,NA,1160,NA,1090,10.83,1230,1.83,0.940173913
06-Oct-25,28-Oct-25,BAJAJ-AUTO,Non-Hld,8799,68.2,37.40372671,42.1853668,-25.76863507,42.64028037,-68.40891545,NA,9000,NA,8562.6,2.77,9437.4,7.26,0.538043478
06-Oct-25,28-Oct-25,BAJAJFINSV,Non-Hld,2031.1,62.8,24.01408451,45.0222109,6.034587121,15.92804365,-9.893456524,NA,1800,NA,1798.25,12.95,1801.75,-11.29,0.940806569
06-Oct-25,28-Oct-25,BAJFINANCE,Non-Hld,1010,42.7,18.30428571,47.06463199,-2.592597539,-8.457073598,5.864476059,NA,1000,NA,949.4,6.39,1050.6,4.02,0.722693676
06-Oct-25,28-Oct-25,BANDHANBNK,Non-Hld,165.21,6.37,1.100869565,53.54394555,-1.306006656,-1.808951767,0.502945111,NA,170,NA,158.55,4.21,181.45,9.83,0.919451585
06-Oct-25,28-Oct-25,BANKBARODA,Non-Hld,265.9,62.7,22.93993994,73.66267755,5.290166857,3.593241628,1.696925229,NA,270,NA,256.5,3.67,283.5,6.62,0.729452055
06-Oct-25,28-Oct-25,BANKINDIA,Non-Hld,125.81,114,28.04323308,68.31654288,2.296739806,1.737995117,0.558744689,NA,125,NA,117.7,6.9,132.3,5.16,0.58742515
06-Oct-25,28-Oct-25,BDL,Non-Hld,1558.3,31.1,5.860498221,51.99812591,-2.880261977,-1.609808319,-1.270453658,NA,1600,NA,1490.4,4.56,1709.6,9.71,0.829970228
06-Oct-25,28-Oct-25,BHARATFORG,Non-Hld,1236,23.7,3.813602015,53.14215135,9.301818774,12.83284516,-3.531026382,NA,1220,NA,1155.15,7,1284.85,3.96,0.747876557
06-Oct-25,28-Oct-25,BHARTIARTL,Non-Hld,1901.9,13.8,13.04778157,46.05161349,-3.345149567,2.649098193,-5.99424776,NA,1900,NA,1839.05,3.42,1960.95,3.11,0.710195768
06-Oct-25,28-Oct-25,BHEL,Non-Hld,245,93,9.637790698,67.23335267,4.051699482,2.698367697,1.353331785,NA,240,NA,224.9,8.94,255.1,4.13,0.588948178
06-Oct-25,28-Oct-25,BIOCON,Non-Hld,347.55,43.4,36.4754902,46.46452687,-4.429449379,-3.198904451,-1.230544928,NA,350,NA,333.25,4.3,366.75,5.53,0.7879305
06-Oct-25,28-Oct-25,BLUESTARCO,Non-Hld,1896,31.3,3.287037037,49.31227955,6.251526502,16.90515453,-10.65362803,NA,2000,NA,1981,-4.29,2019,6.49,0.795514512
06-Oct-25,28-Oct-25,BOSCHLTD,Non-Hld,38900,35.1,5.164285714,42.88776593,-350.0174391,-140.2848781,-209.732561,NA,40000,NA,38230.2,1.76,41769.8,7.38,0.665633716
06-Oct-25,28-Oct-25,BPCL,Non-Hld,342.5,53.5,15.61264822,68.25809658,5.093163571,2.989107596,2.104055975,NA,335,NA,315,8.74,355,3.65,0.784188034
06-Oct-25,28-Oct-25,BRITANNIA,Non-Hld,6022,28,3.480825959,52.6686833,31.53992035,61.3464851,-29.80656475,NA,6000,NA,5762.65,4.51,6237.35,3.58,0.613263093
06-Oct-25,28-Oct-25,CANBK,Non-Hld,126.6,62.2,11.78400955,71.61508346,3.832547619,2.998925221,0.833622398,NA,130,NA,122.35,3.48,137.65,8.73,0.513612951
06-Oct-25,28-Oct-25,CHOLAFIN,Non-Hld,1646.8,332,5.38277512,52.70075575,26.0837609,26.65942889,-0.575667992,NA,1500,NA,1363.1,20.82,1636.9,-0.6,0.516647532
06-Oct-25,28-Oct-25,CIPLA,Non-Hld,1514,147,3.498484848,44.34953022,-12.42448188,-6.928891682,-5.495590194,NA,1600,NA,1517.75,-0.24,1682.25,11.12,0.754283867
06-Oct-25,28-Oct-25,COFORGE,Non-Hld,1657.7,66.2,10.36720143,40.13462401,-48.26624262,-38.49805153,-9.768191081,NA,1700,NA,1572.2,5.44,1827.8,10.27,0.603773585
06-Oct-25,28-Oct-25,COLPAL,Non-Hld,2232.3,727,47.03314917,33.98970993,-29.78206633,-12.20536542,-17.57670091,NA,2300,NA,2188,2.03,2412,8.05,0.752261537
06-Oct-25,28-Oct-25,CONCOR,Non-Hld,532.5,112,6.184453782,41.32243541,-8.377924669,-7.547983149,-0.82994152,NA,530,NA,503.45,5.78,556.55,4.52,0.666241897
06-Oct-25,28-Oct-25,CROMPTON,Non-Hld,289.2,95,12.57309942,30.3930364,-8.473788329,-6.989735125,-1.484053204,NA,300,NA,282.15,2.5,317.85,9.91,0.620156433
06-Oct-25,28-Oct-25,CUMMINSIND,Non-Hld,3950,15.2,3.612138728,49.55627818,21.16741387,50.43046328,-29.26304941,NA,4000,NA,3819.55,3.42,4180.45,5.84,0.641132257
06-Oct-25,28-Oct-25,CYIENT,Non-Hld,1180,42,10.18666667,44.44970362,-15.79364975,-9.512882291,-6.280767457,NA,1300,NA,1289.8,-8.51,1310.2,11.04,0.763544354
06-Oct-25,28-Oct-25,DABUR,Non-Hld,493.75,154,9.480225989,33.38399615,-8.904411146,-4.048834532,-4.855576614,NA,500,NA,478.55,3.18,521.45,5.62,0.731780349
06-Oct-25,28-Oct-25,DALBHARAT,Non-Hld,2250,30.5,2.353823529,37.17805507,-29.77719884,-7.073142591,-22.70405625,NA,2400,NA,2385.8,-5.69,2414.2,7.3,0.746130031
06-Oct-25,28-Oct-25,DELHIVERY,Non-Hld,461.8,12.3,1.424632353,37.04699533,-5.725400072,-0.987242592,-4.73815748,NA,500,NA,458.4,0.75,541.6,17.29,0.699272337
06-Oct-25,28-Oct-25,DIVISLAB,Non-Hld,5816,453,8.759583333,42.62349173,-110.2494836,-90.43663502,-19.81284857,NA,6000,NA,5705.7,1.94,6294.3,8.23,0.696656198
06-Oct-25,28-Oct-25,DIXON,Non-Hld,17026,13.6,1.651775701,35.96830542,-112.6449861,143.8283498,-256.4733359,NA,17000,NA,15947.35,6.77,18052.65,6.03,0.65106307
06-Oct-25,28-Oct-25,DLF,Non-Hld,735.95,29.6,2.271658986,40.12607032,-13.01730932,-9.334518265,-3.68279105,NA,740,NA,701.95,4.85,778.05,5.73,0.692370572
06-Oct-25,28-Oct-25,DMART,Non-Hld,4300,0,1.74086444,36.44900509,-24.55035343,18.10670725,-42.65706068,NA,4700,NA,4248.35,1.22,5151.65,19.81,0.511195356
06-Oct-25,28-Oct-25,DRREDDY,Non-Hld,1249.8,87.6,14.05623472,42.92276481,-6.912191459,1.867386274,-8.779577733,NA,1300,NA,1236.05,1.12,1363.95,9.14,0.710868653
06-Oct-25,28-Oct-25,EICHERMOT,Non-Hld,6876,108,3.549222798,65.21994896,208.2906801,243.9442756,-35.65359553,NA,7000,NA,6715.9,2.39,7284.1,5.94,0.662656073
06-Oct-25,28-Oct-25,ETERNAL,Non-Hld,335.6,645,3.506132666,53.40936297,3.256316654,4.936876803,-1.680560149,NA,320,NA,294.35,14.02,345.65,3,0.619636235
06-Oct-25,28-Oct-25,EXIDEIND,Non-Hld,400.15,39.3,9.299040307,46.38052921,-2.583463306,0.338962913,-2.92242622,NA,400,NA,381.15,4.99,418.85,4.68,0.636554173
06-Oct-25,28-Oct-25,FEDERALBNK,Non-Hld,193.75,65.7,11.26766917,43.38497862,-1.142316614,-1.057349875,-0.084966738,NA,200,NA,189.8,2.09,210.2,8.5,0.637931034
06-Oct-25,28-Oct-25,FORTIS,Non-Hld,1051.15,30.3,10.98372093,60.11929697,13.74340805,14.65390041,-0.91049236,NA,1100,NA,1033.25,1.74,1166.75,11,0.785223127
06-Oct-25,28-Oct-25,GAIL,Non-Hld,176.74,46.7,14.91578947,50.77660939,-0.315830077,-0.040840503,-0.274989574,NA,180,NA,170.9,3.42,189.1,7,0.880237741
06-Oct-25,28-Oct-25,GLENMARK,Non-Hld,1971.8,21.5,2.881360947,44.29767688,-14.39226132,-1.319818713,-13.07244261,NA,2200,NA,2194.5,-10.14,2205.5,11.86,0.832742361
06-Oct-25,28-Oct-25,GMRAIRPORT,Non-Hld,88.61,88,9.662025316,51.24413848,-0.066036702,0.06520236,-0.131239062,NA,95,NA,87.85,0.87,102.15,15.29,0.641551341
06-Oct-25,28-Oct-25,GODREJCP,Non-Hld,1149.8,24.3,5.638888889,31.78968387,-22.26101878,-13.1113701,-9.149648684,NA,1200,NA,1128.2,1.92,1271.8,10.62,0.773868653
06-Oct-25,28-Oct-25,GODREJPROP,Non-Hld,2055,279,2.704,50.32046028,-9.023301067,-8.520117703,-0.503183364,NA,2000,NA,1866.7,10.09,2133.3,3.82,0.554381847
06-Oct-25,28-Oct-25,GRASIM,Non-Hld,2801.4,25.7,2.488782051,48.66668174,-5.230110868,1.907790366,-7.137901234,NA,2900,NA,2777.9,0.85,3022.1,7.88,0.779241141
06-Oct-25,28-Oct-25,HAL,Non-Hld,4844.8,8.54,2.095601852,63.94261249,66.52098034,64.00568473,2.515295604,NA,5000,NA,4716.55,2.72,5283.45,9.06,0.569213867
06-Oct-25,28-Oct-25,HAVELLS,Non-Hld,1498.6,56.5,12.15789474,32.30855345,-15.0103735,-2.333573222,-12.67680028,NA,1600,NA,1485.25,0.9,1714.75,14.43,0.61418279
06-Oct-25,28-Oct-25,HCLTECH,Non-Hld,1416.9,20.4,15.63694268,35.66842719,-23.62100569,-18.34583461,-5.275171077,NA,1500,NA,1397.45,1.4,1602.55,13.11,0.572855089
06-Oct-25,28-Oct-25,HDFCAMC,Non-Hld,5668,16.7,2.577951002,43.82652745,-10.49847678,25.53376407,-36.03224085,NA,5800,NA,5510.4,2.87,6089.6,7.44,0.554902847
06-Oct-25,28-Oct-25,HDFCBANK,Non-Hld,973.9,19.8,3.201643192,17.44108767,-118.4508489,-154.2635359,35.81268697,NA,1000,NA,961.55,1.29,1038.45,6.63,0.748017979
06-Oct-25,28-Oct-25,HDFCLIFE,Non-Hld,763.3,35.8,6.274836601,43.38235468,-3.138933737,-1.13761221,-2.001321527,NA,800,NA,754.85,1.12,845.15,10.73,0.771253287
06-Oct-25,28-Oct-25,HEROMOTOCO,Non-Hld,5582.5,68.7,6.925115207,67.7365382,109.418245,119.9885275,-10.57028244,NA,5400,NA,5081.95,9.85,5718.05,2.43,0.786427977
06-Oct-25,28-Oct-25,HFCL,Non-Hld,74.36,0,-0.86605317,54.76601166,0.246822342,0.1646676,0.082154742,NA,75,NA,69.1,7.62,80.9,8.8,0.509730141
06-Oct-25,28-Oct-25,HINDALCO,Non-Hld,776.5,39.9,1.351901141,74.08904081,12.68630394,11.71831471,0.967989227,NA,800,NA,760.45,2.12,839.55,8.12,0.59152891
06-Oct-25,28-Oct-25,HINDPETRO,Non-Hld,452.65,29.2,11.6097561,72.37471133,11.14258195,7.021587363,4.120994589,NA,440,NA,410.3,10.33,469.7,3.77,0.808415244
06-Oct-25,28-Oct-25,HINDUNILVR,Non-Hld,2541,20.6,3.136500754,46.76528347,-16.54932522,-9.373458318,-7.175866897,NA,2600,NA,2501.95,1.57,2698.05,6.19,0.656468854
06-Oct-25,28-Oct-25,HINDZINC,Non-Hld,491,66.7,3.083660131,67.68811696,11.14746402,8.155972878,2.99149114,NA,500,NA,466.95,5.16,533.05,8.57,0.455466442
06-Oct-25,28-Oct-25,HUDCO,Non-Hld,231.5,70.5,9.147281922,61.34440941,3.478893568,3.122244376,0.356649192,NA,230,NA,215.6,7.38,244.4,5.58,0.562710937
06-Oct-25,28-Oct-25,ICICIBANK,Non-Hld,1363.9,8.89,1.403611111,36.43060438,-16.3183293,-13.05525459,-3.263074712,NA,1400,NA,1344.35,1.46,1455.65,6.73,0.882917466
06-Oct-25,28-Oct-25,ICICIGI,Non-Hld,1920.1,32.8,23.63692946,55.69925164,3.341441728,-1.620641036,4.962082765,NA,1900,NA,1801.15,6.61,1998.85,4.11,0.715734697
06-Oct-25,28-Oct-25,ICICIPRULI,Non-Hld,601.1,49.1,0.895289855,48.5659093,-4.784393583,-5.414137515,0.629743932,NA,620,NA,584.4,2.86,655.6,9.07,0.99254591
06-Oct-25,28-Oct-25,IDEA,Non-Hld,8.47,9.74,2.915702479,65.68671204,0.395614124,0.368543137,0.027070987,NA,9,NA,7.55,12.19,10.45,23.38,0.695204122
06-Oct-25,28-Oct-25,IDFCFIRSTB,Non-Hld,71.11,23.7,7.229901961,40.37395848,-0.458167173,-0.171146281,-0.287020892,NA,70,NA,65.9,7.91,74.1,4.21,0.909081743
06-Oct-25,28-Oct-25,IGL,Non-Hld,207.95,58.6,4.282208589,48.16352214,-0.842435519,-0.292813892,-0.549621627,NA,210,NA,198.75,4.63,221.25,6.4,0.553853635
06-Oct-25,28-Oct-25,IIFL,Non-Hld,471.8,15.1,1.217716535,55.08534561,-1.125111512,-3.394257093,2.269145582,NA,470,NA,438.35,7.64,501.65,6.33,0.752309653
06-Oct-25,28-Oct-25,INDHOTEL,Non-Hld,723.55,43.5,15.50327511,35.25081327,-12.79312856,-7.153023625,-5.64010494,NA,800,NA,724.05,-0.06,875.95,21.07,0.778040941
06-Oct-25,28-Oct-25,INDIANB,Non-Hld,757.95,27.1,3.962041885,75.01433234,20.28664494,15.30974359,4.97690135,NA,750,NA,708.85,6.93,791.15,4.39,0.4105
06-Oct-25,28-Oct-25,INDUSINDBK,Non-Hld,741.3,24.5,3.016826923,49.41754606,-8.753325991,-11.23482735,2.481501364,NA,750,NA,708.8,4.59,791.2,6.74,0.533475278
06-Oct-25,28-Oct-25,INDUSTOWER,Non-Hld,352.8,25.4,7.386740331,51.47092568,-0.094260856,-0.06391171,-0.030349146,NA,360,NA,338.25,4.31,381.75,8.21,0.687720305
06-Oct-25,28-Oct-25,INFY,Non-Hld,1474.9,22.3,2.15307377,39.68264469,-12.85976789,-5.32020247,-7.539565421,NA,1500,NA,1417.65,4.04,1582.35,7.29,0.698352728
06-Oct-25,28-Oct-25,INOXWIND,Non-Hld,139.6,355,7.788804071,42.05561614,-1.919267907,-1.240010931,-0.679256976,NA,140,NA,130.4,7.06,149.6,7.17,0.779299129
06-Oct-25,28-Oct-25,IOC,Non-Hld,154.65,83.8,4.262992126,66.88280225,1.912914412,1.424572248,0.488342164,NA,150,NA,141.85,9.03,158.15,2.27,0.655979751
06-Oct-25,28-Oct-25,IREDA,Non-Hld,151.35,37,3.567177914,56.17957099,0.871846766,0.937799672,-0.065952905,NA,155,NA,143.4,5.55,166.6,10.08,0.638542665
06-Oct-25,28-Oct-25,IRFC,Non-Hld,125.5,182,18.16715116,50.0421911,-0.371694199,-0.250670898,-0.1210233,NA,130,NA,122.05,2.83,137.95,9.93,0.659154146
06-Oct-25,28-Oct-25,ITC,Non-Hld,401.1,64.2,10.50215983,45.82861159,-1.750251729,-1.399303362,-0.350948367,NA,410,NA,397.1,1.01,422.9,5.44,0.566096423
06-Oct-25,28-Oct-25,JINDALSTEL,Non-Hld,1050.7,233,18.19733656,63.04468414,15.75615742,14.98598521,0.770172212,NA,1100,NA,1034.8,1.54,1165.2,10.9,0.570334148
06-Oct-25,28-Oct-25,JIOFIN,Non-Hld,306.1,53.3,6.833993399,40.42856519,-4.950106533,-3.820675738,-1.129430795,NA,300,NA,283.6,7.94,316.4,3.37,0.823759063
06-Oct-25,28-Oct-25,JSWENERGY,Non-Hld,541.4,54.9,13.08353808,57.73814047,3.965568201,3.69101292,0.274555281,NA,550,NA,521,3.92,579,6.95,0.514510576
06-Oct-25,28-Oct-25,JSWSTEEL,Non-Hld,1162.9,31.5,3.631694915,70.16534759,21.49484585,19.89108467,1.603761182,NA,1300,NA,1298.8,-10.46,1301.2,11.9,1.152013613
06-Oct-25,28-Oct-25,JUBLFOOD,Non-Hld,624.95,50,16.25,48.94176666,-6.825049664,-6.640012516,-0.185037148,NA,630,NA,599.8,4.2,660.2,5.65,0.799688716
06-Oct-25,28-Oct-25,KALYANKJIL,Non-Hld,486.25,91.5,10.19030733,48.47586725,-15.30946345,-14.53158342,-0.77788003,NA,500,NA,464.9,4.6,535.1,10.05,0.617211767
06-Oct-25,28-Oct-25,KAYNES,Non-Hld,7515.5,5.79,0.875569044,60.99618244,190.1438649,233.3404407,-43.19657582,NA,7000,NA,6284.15,19.6,7715.85,2.67,0.786778533
06-Oct-25,28-Oct-25,KEI,Non-Hld,4141.4,11.7,4.53625,48.81385197,24.50943701,45.40321007,-20.89377306,NA,4200,NA,3936,5.22,4464,7.79,0.433461616
06-Oct-25,28-Oct-25,KOTAKBANK,Non-Hld,2142.7,47.7,5.8234375,66.52731205,13.04919128,4.99242375,8.056767534,NA,2100,NA,2004.35,6.91,2195.65,2.48,0.492597109
06-Oct-25,28-Oct-25,KPITTECH,Non-Hld,1157,46.6,7.160803059,39.63496113,-18.00691529,-3.37214264,-14.63477265,NA,1100,NA,1018.55,13.6,1181.45,2.12,0.490793822
06-Oct-25,28-Oct-25,LAURUSLABS,Non-Hld,862.1,24.6,2.567029703,46.46822176,-1.953455368,5.313455659,-7.266911027,NA,900,NA,838.8,2.78,961.2,11.5,0.956714976
06-Oct-25,28-Oct-25,LICHSGFIN,Non-Hld,577,33.8,7.150610583,53.86150897,0.552238278,0.160051671,0.392186607,NA,600,NA,572.1,0.86,627.9,8.83,0.642287857
06-Oct-25,28-Oct-25,LICI,Non-Hld,907.25,16.8,3.646616541,58.39060352,3.341030253,0.711841248,2.629189005,NA,900,NA,858.05,5.74,941.95,3.83,0.715214131
06-Oct-25,28-Oct-25,LODHA,Non-Hld,1118.1,32.3,7.022222222,30.25770449,-25.61057676,-21.21415321,-4.396423545,NA,1200,NA,1100.25,1.63,1299.75,16.25,0.599445379
06-Oct-25,28-Oct-25,LT,Non-Hld,3745.1,14.1,2.089928058,61.54748578,28.21007976,21.99916303,6.21091673,NA,3800,NA,3657.6,2.4,3942.4,5.27,0.507578309
06-Oct-25,28-Oct-25,LTF,Non-Hld,259.27,56.1,6.932394366,75.70058246,8.874157005,8.132275731,0.741881274,NA,265,NA,248.55,4.32,281.45,8.56,0.57585721
06-Oct-25,28-Oct-25,LTIM,Non-Hld,5270,46.3,19.4701087,42.75981296,-20.04975306,9.216576636,-29.2663297,NA,6000,NA,5988.8,-12,6011.2,14.07,0.810563073
06-Oct-25,28-Oct-25,LUPIN,Non-Hld,1940,35.9,5.349715814,50.36021869,-0.504346276,7.34407981,-7.848426085,NA,2000,NA,1904.85,1.85,2095.15,8,0.544216688
06-Oct-25,28-Oct-25,M%26M,Non-Hld,3476,145,13.32942556,48.71043446,15.67509368,44.21770788,-28.5426142,NA,3500,NA,3341.15,4.04,3658.85,5.27,0.82237037
06-Oct-25,28-Oct-25,MANAPPURAM,Non-Hld,290.5,56,16.1994382,53.54581461,2.304307864,3.809854609,-1.505546745,NA,300,NA,281.15,3.33,318.85,9.76,0.616698815
06-Oct-25,28-Oct-25,MANKIND,Non-Hld,2461,85,21.66402116,37.07695857,-24.9472532,-6.158530514,-18.78872268,NA,2600,NA,2414.15,1.95,2785.85,13.2,0.660793769
06-Oct-25,28-Oct-25,MARICO,Non-Hld,716.5,0,8.205128205,47.05341895,-6.023265077,-4.35736615,-1.665898926,NA,740,NA,706.9,1.36,773.1,7.9,0.615
06-Oct-25,28-Oct-25,MARUTI,Non-Hld,16001,63.6,2.993802817,62.29644121,465.5003463,543.9380586,-78.43771233,NA,17000,NA,15945.45,0.35,18054.55,12.84,0.534822783
06-Oct-25,28-Oct-25,MAXHEALTH,Non-Hld,1137,37.4,8.431722054,26.64909079,-26.14388864,-20.66498094,-5.478907701,NA,1200,NA,1121,1.43,1279,12.49,0.714483235
06-Oct-25,28-Oct-25,MAZDOCK,Non-Hld,2883.5,21,4.386920981,53.52138225,13.28187447,22.85512626,-9.573251792,NA,3000,NA,2778.6,3.78,3221.4,11.72,0.702227243
06-Oct-25,28-Oct-25,MFSL,Non-Hld,1600,6.96,2.212729124,55.1534663,0.700819011,-2.921645646,3.622464657,NA,1600,NA,1519.9,5.28,1680.1,5.01,0.638339407
06-Oct-25,28-Oct-25,MPHASIS,Non-Hld,2790.9,110,3.225934579,44.64653629,-39.48665245,-14.81663718,-24.67001527,NA,3000,NA,2762.15,1.05,3237.85,16.02,0.783808933
06-Oct-25,28-Oct-25,MUTHOOTFIN,Non-Hld,3220,52.5,12.95939675,72.95648378,97.46968328,89.38989682,8.079786462,NA,3100,NA,2904.75,10.86,3295.25,2.34,0.494989371
06-Oct-25,28-Oct-25,NATIONALUM,Non-Hld,217.29,16.9,1.785338983,66.88842582,3.824356172,3.845697473,-0.021341302,NA,220,NA,205.9,5.54,234.1,7.74,0.683293269
06-Oct-25,28-Oct-25,NAUKRI,Non-Hld,1380.7,75.6,55.22429907,43.94724379,-13.16137855,-9.305242587,-3.856135959,NA,1400,NA,1324.95,4.21,1475.05,6.84,0.550069129
06-Oct-25,28-Oct-25,NBCC,Non-Hld,111.71,27.8,2.261780105,60.36925841,1.014003494,0.791805182,0.222198311,NA,110,NA,102.4,9.1,117.6,5.28,0.464637002
06-Oct-25,28-Oct-25,NCC,Non-Hld,210.67,10,2.26577381,48.59980212,-1.675402981,-1.778250575,0.102847594,NA,210,NA,197.95,6.43,222.05,5.41,0.725861534
06-Oct-25,28-Oct-25,NESTLEIND,Non-Hld,1181.8,16.5,2.031137725,30.67465756,-64.46741934,-83.94434362,19.47692427,NA,1200,NA,1158.35,2.03,1241.65,5.07,0.637334723
06-Oct-25,28-Oct-25,NHPC,Non-Hld,86.4,32.3,12.87732342,58.94705543,1.155410383,1.075638767,0.079771616,NA,90,NA,84.5,2.25,95.5,10.54,0.65645311
06-Oct-25,28-Oct-25,NMDC,Non-Hld,76.13,1073,44.05172414,60.79366632,1.042294508,1.189270117,-0.146975609,NA,80,NA,74.9,1.65,85.1,11.79,0.611936409
06-Oct-25,28-Oct-25,NTPC,Non-Hld,339.2,36.4,4.097474747,57.43382743,2.089087501,1.534424139,0.554663361,NA,350,NA,335.9,0.99,364.1,7.35,0.757588358
06-Oct-25,28-Oct-25,NUVAMA,Non-Hld,6928,23.3,10.43628014,60.83653003,-72.54673782,-136.5735747,64.02683691,NA,7400,NA,6679.65,3.72,8120.35,17.22,0.631485849
06-Oct-25,28-Oct-25,NYKAA,Non-Hld,255.5,12.5,1.506272401,56.34710017,2.092415912,3.280511696,-1.188095784,NA,250,NA,234.65,8.89,265.35,3.86,0.49023795
06-Oct-25,28-Oct-25,OBEROIRLTY,Non-Hld,1622.6,8.94,0.978565737,44.14277999,-14.87832289,-11.761938,-3.116384891,NA,1700,NA,1587.7,2.2,1812.3,11.7,0.557782101
06-Oct-25,28-Oct-25,OFSS,Non-Hld,9090,61.5,33.37955626,55.08196283,13.77955857,48.86723463,-35.08767605,NA,9000,NA,8446.8,7.62,9553.2,5.1,0.436107322
06-Oct-25,28-Oct-25,OIL,Non-Hld,420.25,53.3,5.682380952,55.91256715,1.532830782,-0.791474521,2.324305303,NA,420,NA,394.65,6.49,445.35,5.98,0.520568598
06-Oct-25,28-Oct-25,ONGC,Non-Hld,245.62,0,6.060891089,65.29975852,1.399012859,0.44830766,0.950705199,NA,250,NA,240.8,2.01,259.2,5.53,0.910020175
06-Oct-25,28-Oct-25,PAGEIND,Non-Hld,42125,63.4,13.43005181,45.61161435,-901.2536047,-801.2903049,-99.96329975,NA,45000,NA,44837.05,-6.04,45162.95,7.22,0.671592119
06-Oct-25,28-Oct-25,PATANJALI,Non-Hld,596.65,11.6,2.174418605,10.93528224,-271.4554993,-287.7186204,16.26312104,NA,600,NA,566.2,5.38,633.8,6.23,1.03016272
06-Oct-25,28-Oct-25,PAYTM,Non-Hld,1224.3,7.35,1.47173913,48.28747259,-12.10204698,-2.140223993,-9.961822989,NA,1100,NA,953.8,28.37,1246.2,1.79,0.789451741
06-Oct-25,28-Oct-25,PERSISTENT,Non-Hld,5184,150,5.81655481,43.83765232,-101.2092291,-60.10205151,-41.10717755,NA,5200,NA,4841.4,7.08,5558.6,7.23,0.500441306
06-Oct-25,28-Oct-25,PETRONET,Non-Hld,280.5,197,10.65838926,52.73244662,-0.917396826,-1.478520519,0.561123693,NA,280,NA,266.45,5.28,293.55,4.66,0.543956044
06-Oct-25,28-Oct-25,PGEL,Non-Hld,520,69.3,15.6256572,32.57618822,-23.21352629,-21.44177268,-1.77175361,NA,600,NA,518.55,0.28,681.45,31.05,0.732762959
06-Oct-25,28-Oct-25,PHOENIXLTD,Non-Hld,1588.1,30.1,5.346097202,50.13755198,7.868388974,15.31899472,-7.450605751,NA,1600,NA,1506.75,5.4,1693.25,6.63,0.929312581
06-Oct-25,28-Oct-25,PIDILITIND,Non-Hld,1486,8.73,0.994608696,7.807772316,-440.0799383,-313.82513,-126.2548084,NA,1500,NA,1445.95,2.77,1554.05,4.58,0.709410865
06-Oct-25,28-Oct-25,PIIND,Non-Hld,3630,11.4,1.377854938,43.76713062,-71.17480242,-70.98001156,-0.194790864,NA,3600,NA,3436.9,5.62,3763.1,3.67,0.633757962
06-Oct-25,28-Oct-25,PNB,Non-Hld,114.38,0,9.965317919,64.04050288,1.726465988,1.443052351,0.283413637,NA,115,NA,109.35,4.6,120.65,5.49,0.928109855
06-Oct-25,28-Oct-25,PNBHOUSING,Non-Hld,892.85,52.5,11.7550077,59.65069326,13.66292839,8.36593595,5.296992445,NA,900,NA,836.7,6.72,963.3,7.9,0.625088757
06-Oct-25,28-Oct-25,POLICYBZR,Non-Hld,1724,17.1,2.890625,39.11340522,-35.45284721,-24.59385591,-10.8589913,NA,1700,NA,1592.25,8.28,1807.75,4.86,0.706986095
06-Oct-25,28-Oct-25,POLYCAB,Non-Hld,7629,161,19.26243386,56.00056953,71.56931718,99.5211385,-27.95182132,NA,7200,NA,6609.4,15.43,7790.6,2.12,0.165662651
06-Oct-25,28-Oct-25,POWERINDIA,Non-Hld,18203,36.1,3.475088968,37.83654299,-317.6377622,-194.4080441,-123.2297181,NA,20000,NA,19844.5,-8.27,20155.5,10.73,0.417130735
06-Oct-25,28-Oct-25,PPLPHARMA,Non-Hld,195.3,662,5.629818182,51.5976319,-0.346177944,0.252815389,-0.598993333,NA,215,NA,194.2,0.57,235.8,20.74,0.860499266
06-Oct-25,28-Oct-25,PRESTIGE,Non-Hld,1548.2,32.3,1.073151751,42.13877859,-19.96930471,-14.51751562,-5.451789092,NA,1600,NA,1493.85,3.64,1706.15,10.21,0.421582019
06-Oct-25,28-Oct-25,RBLBANK,Non-Hld,275.8,6.03,1.281186441,58.27128818,3.407588831,3.259535134,0.148053696,NA,300,NA,295.5,-6.66,304.5,10.41,0.965128144
06-Oct-25,28-Oct-25,RECLTD,Non-Hld,377.95,49.3,3.428678304,53.4448565,-0.162420923,-0.377640193,0.21521927,NA,380,NA,360.1,4.96,399.9,5.81,0.799120396
06-Oct-25,28-Oct-25,RELIANCE,Non-Hld,1374.9,65.8,8.373188406,39.40357172,-7.048201236,-4.509093645,-2.539107591,NA,1400,NA,1348.5,1.96,1451.5,5.58,0.425659088
06-Oct-25,28-Oct-25,RVNL,Non-Hld,346.65,19.3,0.980666667,52.66354579,1.580357174,2.183055777,-0.602698603,NA,400,NA,338.95,2.28,461.05,33.01,0.480236054
06-Oct-25,28-Oct-25,SAIL,Non-Hld,132.39,13.4,0.585309091,58.60389791,2.027725306,2.184253636,-0.15652833,NA,140,NA,129.2,2.47,150.8,13.91,1.013715278
06-Oct-25,28-Oct-25,SAMMAANCAP,Non-Hld,160.96,45.7,6.208965517,73.92144938,7.964588813,5.038672181,2.925916632,NA,160,NA,147.2,9.35,172.8,7.36,0.591748768
06-Oct-25,28-Oct-25,SBICARD,Non-Hld,900.3,71.4,9.95505618,62.52540709,13.13052764,12.68621573,0.444311909,NA,900,NA,852.25,5.64,947.75,5.28,0.385752968
06-Oct-25,28-Oct-25,SBILIFE,Non-Hld,1772,11,1.658064516,41.90132762,-8.156876624,-4.859881152,-3.296995473,NA,1800,NA,1725.45,2.7,1874.55,5.79,0.62921655
06-Oct-25,28-Oct-25,SBIN,Non-Hld,873.8,70.6,4.986392244,64.6246209,14.01827082,12.68972011,1.328550712,NA,880,NA,849.25,2.9,910.75,4.23,0.705708661
06-Oct-25,28-Oct-25,SHREECEM,Non-Hld,29315,14.4,2.244147157,41.89709681,-240.6461406,-216.9192211,-23.7269195,NA,30000,NA,28740.35,2,31259.65,6.64,0.856916244
06-Oct-25,28-Oct-25,SHRIRAMFIN,Non-Hld,671,70.3,9.418604651,61.78729996,4.811709894,1.840139862,2.971570032,NA,660,NA,617.7,8.63,702.3,4.67,0.547098174
06-Oct-25,28-Oct-25,SOLARINDS,Non-Hld,14140,144,41.71091445,44.74592685,-228.5320636,-163.670942,-64.86112154,NA,14000,NA,13132.15,7.68,14867.85,5.15,0.689554419
06-Oct-25,28-Oct-25,SONACOMS,Non-Hld,415.4,45.5,4.785714286,43.19111817,-9.658513768,-9.01337925,-0.645134519,NA,420,NA,393.7,5.52,446.3,7.44,0.684338818
06-Oct-25,28-Oct-25,SRF,Non-Hld,2942.7,61.7,7.545384615,51.56284531,-19.9571874,-19.5036543,-0.453533102,NA,3000,NA,2855.35,3.06,3144.65,6.87,1.08887468
06-Oct-25,28-Oct-25,SUNPHARMA,Non-Hld,1653.3,79.8,16.36930693,53.69684319,-0.307325888,-1.832126597,1.524800709,NA,1600,NA,1518.6,8.88,1681.4,1.7,1.013068732
06-Oct-25,28-Oct-25,SUPREMEIND,Non-Hld,4171,63.3,10.61323155,38.55754954,-62.36426115,-33.01644108,-29.34782008,NA,4500,NA,4466.3,-6.61,4533.7,8.7,0.557020946
06-Oct-25,28-Oct-25,SUZLON,Non-Hld,54.14,43.4,13.26960784,31.72155465,-1.179667578,-0.899294339,-0.280373239,NA,56,NA,52.4,3.33,59.6,10.09,0.539800285
06-Oct-25,28-Oct-25,SYNGENE,Non-Hld,635.25,54.6,5.523913043,45.74679422,-8.30851158,-6.406591583,-1.901919997,NA,640,NA,606.55,4.74,673.45,6.02,0.873287671
06-Oct-25,28-Oct-25,TATACONSUM,Non-Hld,1139.5,64.9,6.625,60.19094848,13.76487672,12.88744225,0.877434468,NA,1150,NA,1099.85,3.61,1200.15,5.33,0.448193916
06-Oct-25,28-Oct-25,TATAELXSI,Non-Hld,5380.5,45,11.72222222,39.53657923,-102.5349186,-73.66993011,-28.86498848,NA,6000,NA,5275.25,2,6724.75,24.99,0.569382119
06-Oct-25,28-Oct-25,TATAMOTORS,Non-Hld,712.9,29.7,7.851321586,58.76978993,2.048324463,2.053354617,-0.005030154,NA,800,NA,713.5,-0.08,886.5,24.36,0.603248545
06-Oct-25,28-Oct-25,TATAPOWER,Non-Hld,395.5,43.4,6.87826087,57.08266114,0.834908956,0.629599956,0.205309001,NA,400,NA,384.25,2.93,415.75,5.13,0.915680267
06-Oct-25,28-Oct-25,TATASTEEL,Non-Hld,170.35,14.2,1.670098039,61.66161946,1.954233303,2.410198088,-0.455964785,NA,175,NA,166.6,2.26,183.4,7.67,0.635975136
06-Oct-25,28-Oct-25,TATATECH,Non-Hld,710.3,44.4,17.40931373,56.82142832,-0.390441372,0.594748746,-0.985190118,NA,700,NA,663.25,7.1,736.75,3.73,0.691644562
06-Oct-25,28-Oct-25,TCS,Non-Hld,2988,22.3,14.29665072,31.62157185,-54.20615062,-32.26285894,-21.94329169,NA,3000,NA,2861.05,4.44,3138.95,5.06,0.763227664
06-Oct-25,28-Oct-25,TECHM,Non-Hld,1439.6,34.9,6.286462882,32.70458338,-27.55993631,-15.77980025,-11.78013607,NA,1500,NA,1406.1,2.39,1593.9,10.72,1.00563421
06-Oct-25,28-Oct-25,TIINDIA,Non-Hld,3150,46.1,11.71003717,47.39426098,11.05252806,43.71321666,-32.6606886,NA,3200,NA,3013.55,4.53,3386.45,7.51,0.498375569
06-Oct-25,28-Oct-25,TITAGARH,Non-Hld,898,44.1,4.802139037,48.85839367,3.921653286,10.38882268,-6.467169396,NA,900,NA,836.3,7.38,963.7,7.32,0.489188086
06-Oct-25,28-Oct-25,TITAN,Non-Hld,3425,84.4,18.12169312,46.22866465,-44.69631694,-34.65892494,-10.037392,NA,3400,NA,3251,5.36,3549,3.63,0.641617943
06-Oct-25,28-Oct-25,TORNTPHARM,Non-Hld,3523.9,59.9,15.73169643,41.62995235,-6.881282861,-0.264254427,-6.617028434,NA,3600,NA,3456.5,1.95,3743.5,6.24,0.514257129
06-Oct-25,28-Oct-25,TORNTPOWER,Non-Hld,1197,23.2,3.459537572,36.10326857,-19.28900825,-16.22683247,-3.062175778,NA,1300,NA,1192.85,0.35,1407.15,17.56,0.519150418
06-Oct-25,28-Oct-25,TRENT,Non-Hld,4705,102,28.34337349,36.59741898,-154.8246597,-133.3199556,-21.50470408,NA,5000,NA,4598,2.33,5402,14.82,0.515093497
06-Oct-25,28-Oct-25,TVSMOTOR,Non-Hld,3514,57.3,16.81339713,57.72144837,47.70217109,71.97097621,-24.26880512,NA,3500,NA,3321.05,5.81,3678.95,4.7,0.718691237
06-Oct-25,28-Oct-25,ULTRACEMCO,Non-Hld,12073,50.6,5.104862579,37.54566331,-119.2052939,-66.24117188,-52.96412204,NA,13000,NA,12971.8,-6.92,13028.2,7.92,0.582541762
06-Oct-25,28-Oct-25,UNIONBANK,Non-Hld,136.56,5.66,0.89254902,54.83908996,1.307861528,1.054783152,0.253078377,NA,140,NA,131.15,4.13,148.85,9,0.633868929
06-Oct-25,28-Oct-25,UNITDSPR,Non-Hld,1357.7,62.6,12.5712963,59.88976512,3.718437362,0.362316256,3.356121106,NA,1520,NA,1517.5,-10.53,1522.5,12.14,0.586885602
06-Oct-25,28-Oct-25,UNOMINDA,Non-Hld,1332.7,82.5,15.9223417,59.08142608,21.00362598,26.33599622,-5.332370236,NA,1320,NA,1246.8,6.89,1393.2,4.54,0.752012882
06-Oct-25,28-Oct-25,UPL,Non-Hld,679.75,81,4.786971831,45.01743094,-10.93186986,-8.434241071,-2.497628787,NA,700,NA,665.2,2.19,734.8,8.1,0.662437059
06-Oct-25,28-Oct-25,VBL,Non-Hld,438.7,58.6,8.215355805,32.38586052,-12.34627694,-10.65272064,-1.693556305,NA,500,NA,440.9,-0.49,559.1,27.45,0.585411609
06-Oct-25,28-Oct-25,VEDL,Non-Hld,471.5,12.2,2.443005181,62.09613721,6.244182984,4.758589366,1.485593618,NA,500,NA,462.4,1.97,537.6,14.02,0.751391053
06-Oct-25,28-Oct-25,VOLTAS,Non-Hld,1366.2,70.4,5.553658537,45.65476788,-4.547052582,2.808386665,-7.355439247,NA,1400,NA,1316.15,3.81,1483.85,8.62,0.777463852
06-Oct-25,28-Oct-25,WIPRO,Non-Hld,242.13,21,4.028785358,40.97799462,-2.72913408,-1.553999922,-1.175134159,NA,250,NA,235.1,3,264.9,9.41,0.824847251
06-Oct-25,28-Oct-25,YESBANK,Non-Hld,21.95,25.5,1.416129032,70.33183847,0.44907329,0.42911819,0.0199551,NA,22,NA,20.7,6.04,23.3,6.16,0.504215247
06-Oct-25,28-Oct-25,ZYDUSLIFE,Non-Hld,994.3,22.5,4.712322275,42.92645807,-2.48466353,5.291849125,-7.776512655,NA,1100,NA,1098.4,-9.47,1101.6,10.8,0.7001229
07-Oct-25,28-Oct-25,360ONE,Non-Hld,1067,103,7.621428571,52.79197999,-7.395369616,-8.52569974,1.130330124,Close to BBHi,1100,Proper,1036.75,2.92,1163.25,9.03,0.734355045
07-Oct-25,28-Oct-25,ABB,Holding,5224,61.5,15.36470588,48.04448818,-9.094959863,0.061917014,-9.156876876,Close to BBLi,5300,Proper,5039.1,3.67,5560.9,6.45,0.63444334
07-Oct-25,28-Oct-25,ABCAPITAL,Non-Hld,302.7,33.8,3.133540373,64.94482864,4.936761946,3.77145476,1.165307186,Above BBHi,300,Proper,282.5,7.16,317.5,4.89,0.626934414
07-Oct-25,28-Oct-25,ADANIENSOL,Non-Hld,918.15,158,5.59847561,67.84237434,26.85520868,22.11938365,4.735825027,Close to BBHi,1000,Proper,906.95,1.24,1093.05,19.05,0.612298387
07-Oct-25,28-Oct-25,ADANIENT,Non-Hld,2556.5,129,11.06709957,60.89057838,57.30577836,50.76267542,6.543102937,Close to BBHi,2600,Proper,2446.5,4.5,2753.5,7.71,0.592726681
07-Oct-25,28-Oct-25,ADANIGREEN,Non-Hld,1058.3,201,20.43050193,57.49461676,26.51258101,25.96777758,0.544803427,Close to BBHi,1100,Proper,1010.85,4.7,1189.15,12.37,0.484332147
07-Oct-25,28-Oct-25,ADANIPORTS,Non-Hld,1398.7,138,9.990714286,51.81066259,11.66588767,13.2716107,-1.605723028,Close to BBLi,1400,Proper,1339.6,4.42,1460.4,4.42,0.606537283
07-Oct-25,28-Oct-25,ALKEM,Non-Hld,5500,30.5,5.334626576,58.36424641,47.87494048,63.15611214,-15.28117166,Close to BBHi,5600,Proper,5354.1,2.73,5845.9,6.29,0.675220529
07-Oct-25,28-Oct-25,AMBER,Non-Hld,8415,189,15.05366726,56.03271115,158.1442683,190.7748577,-32.63058938,Close to BBHi,8500,Proper,7968.3,5.61,9031.7,7.33,0.559623949
07-Oct-25,28-Oct-25,AMBUJACEM,Non-Hld,570,34.8,2.893401015,48.60300464,-1.431427459,-1.457590571,0.026163112,Close to BBLi,600,Proper,563.5,1.16,636.5,11.67,0.754034794
07-Oct-25,28-Oct-25,ANGELONE,Non-Hld,2254,19.4,3.635483871,49.00362731,-60.25100846,-74.37191447,14.12090601,Close to BBHi,2300,Proper,2107.45,6.96,2492.55,10.59,0.721378188
07-Oct-25,28-Oct-25,APLAPOLLO,Non-Hld,1732.3,134,15.60630631,64.67263144,17.69848345,13.44380969,4.254673756,Close to BBHi,1700,Proper,1606.75,7.82,1793.25,3.52,0.622195986
07-Oct-25,28-Oct-25,APOLLOHOSP,Non-Hld,7700,81.9,12.68533773,51.16108083,-51.44913027,-18.39271785,-33.05641242,Close to BBHi,7700,Proper,7463.1,3.18,7936.9,3.08,0.709036531
07-Oct-25,28-Oct-25,ASHOKLEY,Non-Hld,139.7,24.9,7.12755102,48.28493053,1.219103934,0.960087259,0.259016675,Close to BBHi,145,Proper,136.2,2.57,153.8,10.1,0.485819975
07-Oct-25,28-Oct-25,ASIANPAINT,Non-Hld,2354.7,60,11.89242424,33.30162934,-42.54040202,-27.8025613,-14.73784071,Close to BBLi,2400,Proper,2312.25,1.84,2487.75,5.66,0.637946125
07-Oct-25,28-Oct-25,ASTRAL,Non-Hld,1421.3,71.3,10.60671642,41.3255559,-12.18593727,-4.265595541,-7.920341727,Close to BBHi,1500,Proper,1405.05,1.16,1594.95,12.22,0.458767146
07-Oct-25,28-Oct-25,AUBANK,Non-Hld,762.2,26.1,3.2995671,63.84933823,4.454153348,-0.302437704,4.756591052,Above BBHi,760,Proper,718.2,6.13,801.8,5.2,0.777544596
07-Oct-25,28-Oct-25,AUROPHARMA,Non-Hld,1091.5,32.3,3.118571429,53.96256774,5.170174948,5.886488547,-0.716313599,Close to BBHi,1100,Proper,1044.8,4.47,1155.2,5.84,0.88754847
07-Oct-25,28-Oct-25,AXISBANK,Non-Hld,1188,14.1,1.993288591,74.57933655,25.2130241,19.09849255,6.114531552,Close to BBHi,1200,Proper,1147,3.58,1253,5.48,0.42406797
07-Oct-25,28-Oct-25,BAJAJ-AUTO,Non-Hld,8900,29.4,7.732406603,48.18186937,-25.18550975,29.07512235,-54.26063209,Close to BBHi,9000,Proper,8590.85,3.6,9409.15,5.73,0.587976984
07-Oct-25,28-Oct-25,BAJAJFINSV,Non-Hld,2030,259,38.74045802,52.80890865,6.07294645,13.95702421,-7.884077756,Close to BBHi,1800,Proper,1598.5,27,2001.5,-1.4,0.680820439
07-Oct-25,28-Oct-25,BAJFINANCE,Non-Hld,1018.3,41.1,7.171126761,52.3799652,-1.140969821,-6.993852843,5.852883021,Close to BBHi,1020,Proper,972.75,4.69,1067.25,4.81,0.685100528
07-Oct-25,28-Oct-25,BANDHANBNK,Non-Hld,164.69,12.9,1.076405229,51.41362318,-1.029621485,-1.653085711,0.623464226,Close to BBHi,170,Proper,158.65,3.81,181.35,10.12,0.878318584
07-Oct-25,28-Oct-25,BANKBARODA,Non-Hld,261.95,6.89,0.952545455,75.58198982,5.942396617,4.063072626,1.879323991,Close to BBHi,270,Proper,255.65,2.47,284.35,8.56,0.789246969
07-Oct-25,28-Oct-25,BANKINDIA,Non-Hld,126.35,5.89,0.726149425,69.14072701,2.533437675,1.897083629,0.636354046,Close to BBHi,130,Proper,122.65,3.02,137.35,8.71,0.625167936
07-Oct-25,28-Oct-25,BDL,Non-Hld,1531,100,14.04587156,51.70886366,-1.489561498,-1.585758955,0.096197457,Close to BBLi,1600,Proper,1486.2,3.02,1713.8,11.94,0.592839395
07-Oct-25,28-Oct-25,BEL,Holding,410.7,54.7,15.21111111,63.75416961,6.376796596,5.429779742,0.947016854,Close to BBHi,410,Proper,390.95,5.06,429.05,4.47,0.699120772
07-Oct-25,28-Oct-25,BHARATFORG,Non-Hld,1217.1,41.7,5.314847162,56.52577431,9.906475951,12.24757132,-2.341095365,Close to BBHi,1220,Proper,1157.2,5.18,1282.8,5.4,0.71902439
07-Oct-25,28-Oct-25,BHARTIARTL,Non-Hld,1928.8,52.2,7.840650407,47.88783419,-3.460561227,1.427166309,-4.887727536,Close to BBHi,1900,Proper,1832.2,5.28,1967.8,2.03,0.611601742
07-Oct-25,28-Oct-25,BHEL,Non-Hld,245.5,315,3.404993065,67.47989912,4.495062596,3.057706677,1.437355919,Close to BBHi,240,Proper,225.7,8.78,254.3,3.59,0.787611897
07-Oct-25,28-Oct-25,BIOCON,Non-Hld,348.95,3725,3.634895833,43.15914004,-4.420592587,-3.443242078,-0.977350509,Close to BBLi,360,Proper,341.75,2.11,378.25,8.4,0.615777009
07-Oct-25,28-Oct-25,BLUESTARCO,Non-Hld,1912,87.8,13.75539568,48.06781637,4.415267596,14.40717714,-9.991909548,Close to BBHi,2000,Proper,1877.45,1.85,2122.55,11.02,0.825988701
07-Oct-25,28-Oct-25,BOSCHLTD,Non-Hld,38875,51.5,8.297758805,45.11741705,-330.1368151,-178.2552655,-151.8815496,Close to BBLi,40000,Proper,38243.55,1.66,41756.45,7.42,0.681289641
07-Oct-25,28-Oct-25,BPCL,Non-Hld,342,8.41,1.828877005,69.80073266,5.628142741,3.516914625,2.111228116,Close to BBHi,340,Proper,322.35,6.1,357.65,4.58,0.828915663
07-Oct-25,28-Oct-25,BRITANNIA,Non-Hld,5896.5,66.7,36.6242236,54.05150463,30.47400446,55.17198897,-24.69798451,Close to BBLi,6000,Proper,5751.2,2.53,6248.8,5.98,0.571589153
07-Oct-25,28-Oct-25,BSE,Holding,2232.7,63.2,24.18959913,52.40888753,-57.56628874,-69.32033365,11.75404491,Close to BBHi,2200,Proper,2017.1,10.69,2382.9,6.73,0.867224206
07-Oct-25,28-Oct-25,CAMS,Holding,3813,42.2,18.15714286,46.04453893,-17.58658264,-3.312815625,-14.27376702,Close to BBLi,3800,Proper,3572.95,6.72,4027.05,5.62,0.628140704
07-Oct-25,28-Oct-25,CANBK,Non-Hld,128.49,6.5,1.117304348,72.67890847,4.05882477,3.210905131,0.847919639,Close to BBHi,130,Proper,122.2,5.15,137.8,7.25,0.792093812
07-Oct-25,28-Oct-25,CDSL,Holding,1561,64.2,23.43843844,50.17864729,-16.57390756,-14.18061132,-2.393296234,Close to BBHi,1600,Proper,1511.35,3.29,1688.65,8.18,0.705504967
07-Oct-25,28-Oct-25,CGPOWER,Holding,748.4,114,28.13533835,50.35053453,6.983088373,13.87596577,-6.892877394,Close to BBLi,840,Proper,747.3,0.15,932.7,24.63,0.573906625
07-Oct-25,28-Oct-25,CHOLAFIN,Non-Hld,1626.7,30.6,5.788967972,61.84877264,28.14263711,26.95607054,1.186566578,Close to BBHi,1640,Proper,1555.45,4.59,1724.55,6.02,0.77521963
07-Oct-25,28-Oct-25,CIPLA,Non-Hld,1512,23.6,3.808564232,43.17361107,-12.37786925,-8.018687197,-4.359182058,Close to BBLi,1600,Proper,1513.55,-0.1,1686.45,11.54,0.672254927
07-Oct-25,28-Oct-25,COALINDIA,Holding,384.9,13.9,13.13651877,38.88949349,-0.102638078,1.499697314,-1.602335391,Close to BBLi,390,Proper,377.2,2.05,402.8,4.66,0.690250308
07-Oct-25,28-Oct-25,COFORGE,Non-Hld,1686,94.5,9.802325581,46.86946875,-42.68555598,-39.33555242,-3.350003557,Close to BBHi,1700,Proper,1577.2,6.9,1822.8,8.12,0.56456404
07-Oct-25,28-Oct-25,COLPAL,Non-Hld,2235,43.6,36.51960784,37.39998191,-30.91653314,-15.94759897,-14.96893418,Close to BBLi,2340,Proper,2209.55,1.16,2470.45,10.54,0.78467433
07-Oct-25,28-Oct-25,CONCOR,Non-Hld,533,31.2,3.290123457,40.44817842,-8.004706483,-7.639327816,-0.365378668,Close to BBLi,530,Proper,504.25,5.71,555.75,4.27,0.771603053
07-Oct-25,28-Oct-25,CROMPTON,Non-Hld,287.8,34.9,5.139285714,26.06419363,-8.782383794,-7.348264859,-1.434118935,Close to BBLi,300,Proper,281.5,2.24,318.5,10.67,0.611199804
07-Oct-25,28-Oct-25,CUMMINSIND,Non-Hld,3957.3,53.9,15.64150198,50.52759311,18.07783463,43.95993755,-25.88210292,Close to BBHi,4000,Proper,3828.65,3.37,4171.35,5.41,0.754291484
07-Oct-25,28-Oct-25,CYIENT,Non-Hld,1184,27.9,3.492625369,47.14776549,-14.26484563,-10.46327496,-3.801570672,Close to BBLi,1200,Proper,1112.3,6.45,1287.7,8.76,0.560546362
07-Oct-25,28-Oct-25,DABUR,Non-Hld,490.75,62.1,11.7124105,31.99723647,-9.452004113,-5.129468448,-4.322535665,Close to BBLi,500,Proper,479.45,2.36,520.55,6.08,0.467639817
07-Oct-25,28-Oct-25,DALBHARAT,Non-Hld,2240.2,331,5.359330144,36.83344391,-30.84473786,-11.82746165,-19.01727622,Close to BBLi,2400,Proper,2230.35,0.45,2569.65,14.71,0.521875
07-Oct-25,28-Oct-25,DELHIVERY,Non-Hld,469.2,148,3.554545455,52.28618158,-4.465357187,-1.682865511,-2.782491676,Close to BBHi,500,Proper,462.5,1.45,537.5,14.56,0.770266041
07-Oct-25,28-Oct-25,DIVISLAB,Non-Hld,6116,69.4,10.90196078,40.72209761,-105.8577673,-93.52086148,-12.33690583,Close to BBHi,6000,Proper,5698.4,7.33,6301.6,3.04,0.835854045
07-Oct-25,28-Oct-25,DIXON,Non-Hld,17205,735,47.52762431,44.96398028,-121.6517942,90.73232104,-212.3841152,Close to BBLi,17000,Proper,16002.75,7.52,17997.25,4.61,0.771760384
07-Oct-25,28-Oct-25,DLF,Non-Hld,736.5,112,6.18907563,43.26033964,-12.19975161,-9.907564934,-2.292186676,Close to BBLi,740,Proper,703.45,4.7,776.55,5.44,0.663075577
07-Oct-25,28-Oct-25,DMART,Non-Hld,4311,95.1,12.60526316,30.39894761,-42.90318778,5.904728242,-48.80791602,Below BBLi,4700,Proper,4248.1,1.49,5151.9,19.51,0.62928211
07-Oct-25,28-Oct-25,DRREDDY,Non-Hld,1248,15.1,3.606936416,43.08840295,-7.745594148,-0.05520981,-7.690384338,Close to BBLi,1320,Proper,1244.65,0.27,1395.35,11.81,0.59319845
07-Oct-25,28-Oct-25,EICHERMOT,Non-Hld,6957.5,42.4,10.30740741,60.21950404,187.9836315,232.7521468,-44.76851532,Close to BBHi,7000,Proper,6738.45,3.26,7261.55,4.38,0.824015312
07-Oct-25,28-Oct-25,ETERNAL,Non-Hld,337.85,155,9.543785311,59.24400551,3.508559688,4.65121338,-1.142653693,Close to BBHi,320,Proper,293.6,15.08,346.4,2.54,0.720037356
07-Oct-25,28-Oct-25,EXIDEIND,Non-Hld,403.4,30.6,2.372941176,48.10219775,-2.368807236,-0.202591116,-2.166216119,Close to BBHi,400,Proper,380.85,5.93,419.15,3.91,0.745428688
07-Oct-25,28-Oct-25,FEDERALBNK,Non-Hld,199.49,12.6,1.466838235,47.11470625,-1.049167984,-1.055713497,0.006545513,Above BBHi,200,Proper,190.65,4.64,209.35,4.95,0.823942762
07-Oct-25,28-Oct-25,FORTIS,Non-Hld,1041,448,8.675,73.54343187,19.73447725,15.67001578,4.06446147,Above BBHi,1100,Proper,1029.85,1.09,1170.15,12.41,0.637502372
07-Oct-25,28-Oct-25,GAIL,Non-Hld,179.75,13.8,1.679906542,49.25914027,-0.294292088,-0.09153082,-0.202761269,Close to BBHi,180,Proper,171.7,4.69,188.3,4.76,0.652053646
07-Oct-25,28-Oct-25,GLENMARK,Non-Hld,1960,29.6,2.258064516,43.03940389,-15.6962475,-4.195104471,-11.50114303,Close to BBLi,2200,Proper,1983.35,-1.17,2416.65,23.3,0.670830081
07-Oct-25,28-Oct-25,GMRAIRPORT,Non-Hld,88.4,0,1.736738703,48.77555698,-0.07931859,0.03629817,-0.11561676,Close to BBLi,95,Proper,88,0.46,102,15.39,0.517399793
07-Oct-25,28-Oct-25,GODREJCP,Non-Hld,1152.6,87.8,14.09046455,31.5234101,-23.69485737,-15.22806755,-8.466789818,Close to BBLi,1160,Proper,1102.3,4.57,1217.7,5.65,0.663810766
07-Oct-25,28-Oct-25,GODREJPROP,Non-Hld,2075,108,3.583765112,53.12525703,-5.470494757,-7.910193114,2.439698357,Close to BBHi,2000,Proper,1861.4,11.48,2138.6,3.07,0.659778681
07-Oct-25,28-Oct-25,GRASIM,Non-Hld,2814,646,3.521902378,51.99163076,-3.65242149,0.795747995,-4.448169485,Close to BBHi,2900,Proper,2772.85,1.49,3027.15,7.58,0.5875
07-Oct-25,28-Oct-25,HAL,Non-Hld,4845,39.2,9.299424184,61.39765263,67.55648061,64.71584391,2.840636699,Close to BBHi,5000,Proper,4722.75,2.59,5277.25,8.93,0.598216709
07-Oct-25,28-Oct-25,HAVELLS,Non-Hld,1501.8,65.8,11.29172932,36.21945078,-16.33103659,-5.133065896,-11.19797069,Close to BBLi,1600,Proper,1485.85,1.08,1714.15,14.14,0.649796393
07-Oct-25,28-Oct-25,HCLTECH,Non-Hld,1435.5,30.7,11.12790698,43.74099678,-21.79453076,-19.03557384,-2.758956921,Close to BBHi,1500,Proper,1408.25,1.94,1591.75,10.89,0.7855602
07-Oct-25,28-Oct-25,HDFCAMC,Non-Hld,5559,45.6,14.62894737,48.89824989,-10.38815547,18.34938016,-28.73753564,Close to BBLi,5500,Proper,5207.6,6.75,5792.4,4.2,0.810187532
07-Oct-25,28-Oct-25,HDFCBANK,Non-Hld,981.8,21.8,2.904733728,20.65211346,-109.3957929,-145.2899873,35.89419439,Close to BBLi,1000,Proper,964.8,1.77,1035.2,5.44,0.866373852
07-Oct-25,28-Oct-25,HDFCLIFE,Non-Hld,756.5,87.1,9.575949367,46.06476659,-3.159776954,-1.542045159,-1.617731795,Close to BBLi,800,Proper,751.25,0.7,848.75,12.2,0.613286406
07-Oct-25,28-Oct-25,HEROMOTOCO,Non-Hld,5612,24.4,5.668686869,68.97038536,116.3915818,119.2691383,-2.877556551,Above BBHi,5400,Proper,5070,10.7,5730,2.11,0.811197555
07-Oct-25,28-Oct-25,HFCL,Non-Hld,74.67,280,2.715272727,50.91966079,0.239855484,0.179705177,0.060150308,Close to BBHi,80,Proper,72.6,2.86,87.4,17.05,0.56691993
07-Oct-25,28-Oct-25,HINDALCO,Non-Hld,767,25.5,2.458333333,70.85931874,13.45328122,12.06530802,1.387973206,Close to BBHi,800,Proper,757.85,1.21,842.15,9.8,0.651832922
07-Oct-25,28-Oct-25,HINDPETRO,Non-Hld,455.1,8.5,2.106944444,75.85158367,12.67346963,8.151963816,4.521505812,Close to BBHi,500,Proper,451.45,0.81,548.55,20.54,0.558360326
07-Oct-25,28-Oct-25,HINDUNILVR,Non-Hld,2530,55.8,12.10526316,46.20754312,-15.56997015,-10.61276068,-4.957209463,Close to BBLi,2600,Proper,2495.15,1.4,2704.85,6.92,0.593660995
07-Oct-25,28-Oct-25,HINDZINC,Non-Hld,490.5,20.3,15.62101911,67.68811696,12.22646469,8.970071241,3.256393452,Close to BBHi,500,Proper,468.4,4.72,531.6,8.38,0.62278157
07-Oct-25,28-Oct-25,HUDCO,Non-Hld,231.99,16.7,2.583407572,57.67772794,3.521423006,3.202080102,0.319342904,Close to BBHi,230,Proper,216.3,7.26,243.7,5.05,0.633908809
07-Oct-25,28-Oct-25,ICICIBANK,Non-Hld,1375,20.1,3.227699531,35.83254815,-16.21650292,-13.68750426,-2.528998666,Close to BBLi,1400,Proper,1350.7,1.8,1449.3,5.41,0.761823728
07-Oct-25,28-Oct-25,ICICIGI,Non-Hld,1903.1,35.4,6.219281046,58.67903464,5.766213177,-0.143270194,5.909483371,Close to BBHi,1900,Proper,1801.6,5.64,1998.4,5.01,0.717080512
07-Oct-25,28-Oct-25,ICICIPRULI,Non-Hld,603.45,69,6.95218894,48.06130434,-4.21298346,-5.173906704,0.960923244,Close to BBHi,620,Proper,585.8,3.02,654.2,8.41,0.768712871
07-Oct-25,28-Oct-25,IDEA,Non-Hld,9.24,0,-0.944785276,58.91841492,0.381396588,0.371113827,0.010282761,Above BBHi,10,Proper,8.45,9.35,11.55,25.01,0.516401959
07-Oct-25,28-Oct-25,IDFCFIRSTB,Non-Hld,71.88,40.4,1.366539924,53.41564644,-0.335315214,-0.203980068,-0.131335147,Close to BBHi,70,Proper,65.8,9.25,74.2,3.23,0.634311004
07-Oct-25,28-Oct-25,IEX,Holding,141.68,29.1,11.51869919,47.0019114,-1.421131707,-1.550953191,0.129821484,Close to BBLi,145,Proper,136.65,3.69,153.35,8.24,0.774478331
07-Oct-25,28-Oct-25,IGL,Non-Hld,220.22,21.7,3.321568627,46.3234964,-0.860354616,-0.406322037,-0.454032579,Above BBHi,220,Proper,206.8,6.49,233.2,5.9,0.660970874
07-Oct-25,28-Oct-25,IIFL,Non-Hld,477,67.3,3.117647059,60.00959721,0.858155919,-2.543774491,3.40193041,Above BBHi,480,Proper,449.15,6.21,510.85,7.1,0.469320066
07-Oct-25,28-Oct-25,INDHOTEL,Non-Hld,734.4,71.4,9.284450063,34.92158169,-13.10719784,-8.343858468,-4.763339373,Close to BBLi,800,Proper,732.2,0.31,867.8,18.17,0.599945335
07-Oct-25,28-Oct-25,INDIANB,Non-Hld,756,8.89,1.4,70.71341622,21.63154391,16.57410365,5.057440257,Close to BBHi,750,Proper,710.2,6.45,789.8,4.48,0.835748792
07-Oct-25,28-Oct-25,INDIGO,Holding,5665.5,32.7,23.50829876,48.85766886,-39.07651914,-42.22926543,3.152746291,Close to BBLi,6000,Proper,5628.9,0.66,6371.1,12.46,0.687695088
07-Oct-25,28-Oct-25,INDUSINDBK,Non-Hld,747.1,49.7,0.902294686,46.28393269,-8.10193724,-10.60824933,2.506312092,Close to BBHi,750,Proper,708.8,5.41,791.2,5.91,1.033000463
07-Oct-25,28-Oct-25,INDUSTOWER,Non-Hld,357.9,9.93,2.95785124,51.9754801,0.096866364,-0.031756095,0.12862246,Close to BBHi,360,Proper,338.95,5.6,381.05,6.47,0.699950908
07-Oct-25,28-Oct-25,INFY,Non-Hld,1458.1,23.4,7.14754902,48.13616686,-11.45529276,-6.547220529,-4.908072235,Close to BBLi,1500,Proper,1412.2,3.26,1587.8,8.9,0.837707739
07-Oct-25,28-Oct-25,INOXWIND,Non-Hld,139.46,58.6,4.27791411,39.0299277,-2.097174265,-1.411443598,-0.685730667,Close to BBLi,140,Proper,130.75,6.67,149.25,7.02,0.516386182
07-Oct-25,28-Oct-25,IOC,Non-Hld,154.38,15.1,1.215590551,74.87973573,2.343975901,1.608452978,0.735522923,Above BBHi,155,Proper,148.55,3.93,161.45,4.58,0.758045113
07-Oct-25,28-Oct-25,IRCTC,Holding,716,43.9,15.63318777,43.98691286,-4.824377552,-3.74370858,-1.080668973,Close to BBHi,750,Proper,711.85,0.59,788.15,10.08,0.639000267
07-Oct-25,28-Oct-25,IREDA,Non-Hld,152.8,27.4,4,50.79705188,0.77530033,0.905299803,-0.129999473,Close to BBHi,155,Proper,144.1,6.04,165.9,8.58,0.433930504
07-Oct-25,28-Oct-25,IRFC,Non-Hld,127.4,24.9,3.0625,48.25435489,-0.358719748,-0.272280668,-0.08643908,Close to BBHi,130,Proper,122.45,4.05,137.55,7.97,0.507829031
07-Oct-25,28-Oct-25,ITC,Non-Hld,399.9,25.3,7.364640884,41.8743967,-2.006194568,-1.520681603,-0.485512965,Close to BBLi,410,Proper,396.85,0.77,423.15,5.82,0.643783567
07-Oct-25,28-Oct-25,JINDALSTEL,Non-Hld,1035.1,21.8,2.121106557,55.76680648,14.89135776,14.96705972,-0.075701958,Close to BBLi,1100,Proper,1023.8,1.11,1176.2,13.64,0.55709963
07-Oct-25,28-Oct-25,JIOFIN,Non-Hld,310.6,359,7.903307888,46.99275143,-4.36830287,-3.930201164,-0.438101706,Close to BBHi,320,Proper,303.75,2.26,336.25,8.26,0.73664238
07-Oct-25,28-Oct-25,JSWENERGY,Non-Hld,547,84.8,4.307086614,58.35365868,4.345882555,3.821986847,0.523895708,Close to BBHi,550,Proper,519.85,5.23,580.15,6.07,0.455259239
07-Oct-25,28-Oct-25,JSWSTEEL,Non-Hld,1154.2,36.9,3.540490798,69.18065943,22.01086414,20.31504056,1.695823579,Close to BBHi,1300,Proper,1149.1,0.45,1450.9,25.71,0.647661188
07-Oct-25,28-Oct-25,JUBLFOOD,Non-Hld,614.05,179,17.8502907,46.18356704,-6.290676773,-6.570145367,0.279468594,Close to BBLi,620,Proper,588.55,4.34,651.45,6.1,0.608983957
07-Oct-25,28-Oct-25,KALYANKJIL,Non-Hld,488.5,64.6,10.55075594,45.92562778,-13.71692158,-14.36865105,0.651729466,Close to BBHi,500,Proper,466.35,4.75,533.65,9.25,0.559713451
07-Oct-25,28-Oct-25,KAYNES,Non-Hld,7584,236,18.36319613,65.9105251,198.7198485,226.4163223,-27.69647381,Above BBHi,7000,Proper,6260.9,21.14,7739.1,2.05,0.61026616
07-Oct-25,28-Oct-25,KEI,Non-Hld,4205,54.1,6.938943894,55.93439377,26.9491169,41.71239144,-14.76327453,Close to BBHi,4200,Proper,3943.6,6.63,4456.4,5.98,0.878559914
07-Oct-25,28-Oct-25,KFINTECH,Holding,1051.2,54.2,12.91400491,43.06457021,-12.51835638,-10.72057035,-1.797786024,Close to BBLi,1100,Proper,1014.1,3.66,1185.9,12.82,0.541377716
07-Oct-25,28-Oct-25,KOTAKBANK,Non-Hld,2126,31.4,3.603389831,71.53238692,21.48597022,8.291133044,13.19483718,Above BBHi,2100,Proper,2012.05,5.67,2187.95,2.92,1.066851107
07-Oct-25,28-Oct-25,KPITTECH,Non-Hld,1170.5,50.5,16.43960674,39.50634184,-20.34724269,-6.767162651,-13.58008004,Close to BBLi,1100,Proper,1020.7,14.68,1179.3,0.76,0.787982035
07-Oct-25,28-Oct-25,LAURUSLABS,Non-Hld,862.95,91.4,10.20035461,46.07595802,-2.727426176,3.705279292,-6.432705468,Close to BBLi,900,Proper,840.6,2.66,959.4,11.18,0.613371065
07-Oct-25,28-Oct-25,LICHSGFIN,Non-Hld,567,5.68,0.860394537,52.60380818,0.759000922,0.279841521,0.4791594,Close to BBLi,600,Proper,563.7,0.59,636.3,12.23,0.755091584
07-Oct-25,28-Oct-25,LICI,Non-Hld,911.35,11.9,4.55675,59.27571838,4.149450762,1.399363151,2.750087611,Close to BBHi,1000,Proper,909.1,0.25,1090.9,19.71,0.426964185
07-Oct-25,28-Oct-25,LODHA,Non-Hld,1145,48.9,5.963541667,31.03822722,-27.21009344,-22.41334126,-4.79675218,Close to BBLi,1200,Proper,1113.85,2.8,1286.15,12.33,0.649775164
07-Oct-25,28-Oct-25,LT,Non-Hld,3730.5,46.5,7.132887189,61.92283511,31.35914211,23.87115884,7.487983268,Close to BBHi,3800,Proper,3670.3,1.65,3929.7,5.34,0.472535035
07-Oct-25,28-Oct-25,LTF,Non-Hld,259,24.6,2.564356436,71.92257324,9.188370661,8.343494717,0.844875944,Close to BBHi,250,Proper,231,12.13,269,3.87,0.983802687
07-Oct-25,28-Oct-25,LTIM,Non-Hld,5263,33.7,7.141112619,53.18844424,-12.67190741,4.838879828,-17.51078723,Close to BBHi,5300,Proper,4979,5.71,5621,6.81,0.628234399
07-Oct-25,28-Oct-25,LUPIN,Non-Hld,1923,16.7,3.614661654,44.90342369,-3.17689423,5.239885002,-8.416779232,Close to BBLi,2000,Proper,1896.4,1.41,2103.6,9.4,0.657540138
07-Oct-25,28-Oct-25,M%26M,Non-Hld,3497,32.6,7.064646465,49.60291461,12.67687436,37.90954117,-25.23266681,Close to BBHi,3500,Proper,3342.65,4.62,3657.35,4.59,0.532735278
07-Oct-25,28-Oct-25,MANAPPURAM,Non-Hld,291.1,14.2,2.094244604,57.51780677,2.568732394,3.561630166,-0.992897772,Close to BBHi,290,Proper,272.7,6.75,307.3,5.57,0.548816088
07-Oct-25,28-Oct-25,MANKIND,Non-Hld,2486.9,56.7,7.005352113,38.70795942,-26.83278878,-10.29338217,-16.53940661,Close to BBLi,2600,Proper,2436.5,2.07,2763.5,11.13,0.596459374
07-Oct-25,28-Oct-25,MARICO,Non-Hld,714.7,46.2,19.42119565,50.48949548,-5.023674865,-4.490627893,-0.533046971,Close to BBHi,740,Proper,706.55,1.16,773.45,8.23,0.827155172
07-Oct-25,28-Oct-25,MARUTI,Non-Hld,16092,36.1,5.380140421,66.04365705,440.5434023,523.2591273,-82.715725,Close to BBHi,17000,Proper,16059.45,0.21,17940.55,11.49,0.579158317
07-Oct-25,28-Oct-25,MAXHEALTH,Non-Hld,1128,144,13.22391559,47.04169681,-23.20278788,-21.17254233,-2.03024555,Close to BBLi,1200,Proper,1119.6,0.76,1280.4,13.52,0.794367527
07-Oct-25,28-Oct-25,MAZDOCK,Non-Hld,2885,55.9,16.20786517,54.10738818,14.69838951,21.22377891,-6.5253894,Close to BBHi,3000,Proper,2786.75,3.53,3213.25,11.38,0.600737543
07-Oct-25,28-Oct-25,MCX,Holding,8212,85.2,21.72486772,60.01478252,63.32726462,28.99369944,34.33356518,Close to BBHi,8000,Proper,7457,10.13,8543,4.04,0.695079568
07-Oct-25,28-Oct-25,MFSL,Non-Hld,1583.4,0,8.12,55.41317422,2.523115431,-1.83269343,4.355808861,Close to BBLi,1600,Proper,1520.55,4.14,1679.45,6.07,0.622261174
07-Oct-25,28-Oct-25,MOTHERSON,Holding,104.7,62.3,2.949295775,53.05153509,1.22411182,1.331801955,-0.107690135,Close to BBLi,110,Proper,102.35,2.3,117.65,12.37,0.506116208
07-Oct-25,28-Oct-25,MPHASIS,Non-Hld,2812,37.9,8.495468278,49.57119406,-33.76878147,-18.60706604,-15.16171544,Close to BBHi,2900,Proper,2733.45,2.88,3066.55,9.06,0.695818815
07-Oct-25,28-Oct-25,MUTHOOTFIN,Non-Hld,3240,21.1,4.414168937,75.97812907,104.3020685,92.37233116,11.92973738,Above BBHi,3200,Proper,3039.45,6.6,3360.55,3.73,0.709618321
07-Oct-25,28-Oct-25,NATIONALUM,Non-Hld,217.2,6.89,2.211812627,61.0785975,4.03044067,3.882646113,0.147794557,Close to BBHi,220,Proper,206.3,5.29,233.7,7.6,0.600589898
07-Oct-25,28-Oct-25,NAUKRI,Non-Hld,1384,110,3.23364486,53.33168934,-9.577441807,-9.359682431,-0.217759376,Close to BBHi,1400,Proper,1329.45,4.11,1470.55,6.26,0.790610329
07-Oct-25,28-Oct-25,NBCC,Non-Hld,112.74,52.9,13.07888631,56.22010564,1.1130767,0.856059486,0.257017214,Close to BBHi,110,Proper,102,10.53,118,4.67,0.504466945
07-Oct-25,28-Oct-25,NCC,Non-Hld,211.69,17,1.793983051,48.67070012,-1.468703046,-1.716341069,0.247638023,Close to BBHi,210,Proper,198.2,6.81,221.8,4.78,0.634560907
07-Oct-25,28-Oct-25,NESTLEIND,Non-Hld,1176,75.4,54.95327103,34.52766719,-59.21623361,-78.99872162,19.782488,Close to BBLi,1200,Proper,1157.7,1.59,1242.3,5.64,0.544375243
07-Oct-25,28-Oct-25,NHPC,Non-Hld,86.65,27.7,2.268324607,57.52706173,1.133277188,1.087166451,0.046110737,Close to BBHi,90,Proper,84.75,2.25,95.25,9.93,0.491532783
07-Oct-25,28-Oct-25,NMDC,Non-Hld,76.07,10,2.263988095,54.95460469,0.961748012,1.143765696,-0.182017684,Close to BBHi,80,Proper,75.05,1.36,84.95,11.68,0.740803973
07-Oct-25,28-Oct-25,NTPC,Non-Hld,338.25,16.5,2.025449102,52.59915088,1.904345166,1.608408345,0.295936821,Close to BBHi,345,Proper,333.2,1.52,356.8,5.49,0.552444922
07-Oct-25,28-Oct-25,NUVAMA,Non-Hld,6953,32.5,12.92379182,65.24852296,-23.26355701,-113.9115712,90.64801417,Above BBHi,7000,Proper,6585.4,5.59,7414.6,6.64,0.652173913
07-Oct-25,28-Oct-25,NYKAA,Non-Hld,259.69,1101,44.77413793,69.31208102,3.362105096,3.296830376,0.06527472,Above BBHi,250,Proper,235.15,10.44,264.85,1.99,0.72178289
07-Oct-25,28-Oct-25,OBEROIRLTY,Non-Hld,1638.5,36.8,4.137626263,48.42602574,-13.05605655,-12.02076171,-1.035294839,Close to BBHi,1700,Proper,1595.2,2.72,1804.8,10.15,0.805543889
07-Oct-25,28-Oct-25,OFSS,Non-Hld,9325,23.9,10.70608496,58.05955411,37.02257305,46.49830231,-9.475729263,Close to BBHi,9500,Proper,8914.35,4.61,10085.65,8.16,0.665957035
07-Oct-25,28-Oct-25,OIL,Non-Hld,421.95,12.6,1.512365591,59.17351249,2.19634844,-0.193909929,2.390258369,Close to BBHi,420,Proper,394.45,6.98,445.55,5.6,0.476090384
07-Oct-25,28-Oct-25,ONGC,Non-Hld,245.34,8.89,0.977450199,68.90352106,1.820636777,0.722773484,1.097863293,Above BBHi,250,Proper,241.45,1.62,258.55,5.39,0.420217887
07-Oct-25,28-Oct-25,PAGEIND,Non-Hld,41735,60.8,33.07052298,41.8043275,-865.0084786,-814.0339397,-50.97453895,Close to BBLi,45000,Proper,41516.7,0.53,48483.3,16.17,0.422721546
07-Oct-25,28-Oct-25,PATANJALI,Non-Hld,596,53.3,5.676190476,12.59409119,-257.53909,-281.6827143,24.14362426,Close to BBLi,600,Proper,567.1,5.1,632.9,6.2,0.468809433
07-Oct-25,28-Oct-25,PAYTM,Non-Hld,1237.5,0,6.126237624,58.50664324,-6.412234925,-2.994626179,-3.417608746,Close to BBHi,1200,Proper,1113.9,11.1,1286.1,3.93,0.838576263
07-Oct-25,28-Oct-25,PERSISTENT,Non-Hld,5260.4,64.3,13.62797927,49.23666966,-86.78822125,-65.43928546,-21.34893579,Close to BBHi,5200,Proper,4820,9.14,5580,6.08,0.750031949
07-Oct-25,28-Oct-25,PETRONET,Non-Hld,287.9,11.9,2.231782946,54.33702855,-0.490806444,-1.280977704,0.79017126,Above BBHi,310,Proper,287.5,0.14,332.5,15.5,1.072871937
07-Oct-25,28-Oct-25,PFC,Holding,409,7.44,1.481884058,50.92112325,1.926652816,1.26037108,0.666281736,Close to BBHi,410,Proper,390.65,4.7,429.35,4.98,0.783483645
07-Oct-25,28-Oct-25,PGEL,Non-Hld,521.95,151,5.83836689,34.2522715,-22.58251105,-21.66992035,-0.912590694,Close to BBLi,540,Proper,498.4,4.73,581.6,11.43,0.447987528
07-Oct-25,28-Oct-25,PHOENIXLTD,Non-Hld,1609.9,199,10.80469799,56.83261035,9.186263514,14.09244848,-4.906184968,Close to BBHi,1600,Proper,1509.65,6.65,1690.35,5,0.631391201
07-Oct-25,28-Oct-25,PIDILITIND,Non-Hld,1470,68.4,15.45741325,7.803223991,-440.1653126,-339.0931665,-101.0721461,Close to BBLi,1500,Proper,1445.95,1.67,1554.05,5.72,0.716125954
07-Oct-25,28-Oct-25,PIIND,Non-Hld,3588,29.7,5.284241532,45.20429741,-63.85708789,-69.55542682,5.698338932,Close to BBLi,3600,Proper,3434.3,4.48,3765.7,4.96,0.855905999
07-Oct-25,28-Oct-25,PNB,Non-Hld,114.17,8.72,0.992782609,64.38417717,1.8626211,1.526966101,0.335654999,Close to BBHi,115,Proper,109.6,4.17,120.4,5.46,0.713638081
07-Oct-25,28-Oct-25,PNBHOUSING,Non-Hld,891,11.4,1.375,61.22765552,14.77038877,9.646826515,5.12356226,Close to BBHi,900,Proper,838.8,6.23,961.2,7.88,0.63559633
07-Oct-25,28-Oct-25,POLICYBZR,Non-Hld,1767.1,0,10.21445087,43.51916694,-33.43340767,-26.36176626,-7.071641412,Close to BBHi,1700,Proper,1579.3,11.9,1820.7,3.04,0.830922865
07-Oct-25,28-Oct-25,POLYCAB,Non-Hld,7600,52.4,11.71032357,65.51402968,85.50282785,96.71747637,-11.21464852,Close to BBHi,7400,Proper,6940.35,9.51,7859.65,3.42,0.593763821
07-Oct-25,28-Oct-25,POWERGRID,Holding,289.65,17.2,2.919858871,51.81044882,-0.310655883,-0.375928914,0.06527303,Close to BBHi,300,Proper,286.65,1.05,313.35,8.19,0.603973608
07-Oct-25,28-Oct-25,POWERINDIA,Non-Hld,17601,155,18.62539683,37.63984502,-343.5906383,-224.244563,-119.3460754,Below BBLi,20000,Proper,17552.75,0.28,22447.25,27.54,0.312944523
07-Oct-25,28-Oct-25,PPLPHARMA,Non-Hld,195.38,36.2,3.476512456,48.11416507,-0.419721724,0.118307966,-0.538029691,Close to BBLi,210,Proper,192.25,1.63,227.75,16.57,0.424357996
07-Oct-25,28-Oct-25,PRESTIGE,Non-Hld,1530,654,5.563636364,44.42382806,-19.33262902,-15.4805383,-3.85209072,Close to BBLi,1600,Proper,1493.65,2.44,1706.35,11.53,0.881554307
07-Oct-25,28-Oct-25,RBLBANK,Non-Hld,274.3,32,1.067315175,57.80551295,3.331584557,3.273945019,0.057639538,Close to BBHi,300,Proper,267.2,2.66,332.8,21.33,0.413727721
07-Oct-25,28-Oct-25,RECLTD,Non-Hld,378,5.95,1.281355932,50.92355597,-0.058414016,-0.313794958,0.255380942,Close to BBHi,380,Proper,361.5,4.57,398.5,5.43,0.962194346
07-Oct-25,28-Oct-25,RELIANCE,Non-Hld,1384.5,49.7,3.452618454,45.55525931,-6.737223392,-4.954719595,-1.782503797,Close to BBHi,1400,Proper,1350.8,2.5,1449.2,4.68,0.771798198
07-Oct-25,28-Oct-25,RVNL,Non-Hld,355.95,67.4,8.597826087,52.25372545,1.546178145,2.05568025,-0.509502106,Close to BBHi,400,Proper,349.4,1.88,450.6,26.6,0.47212689
07-Oct-25,28-Oct-25,SAIL,Non-Hld,132.6,19.4,0.982222222,52.20969392,1.782279789,2.103858867,-0.321579078,Close to BBHi,140,Proper,129.55,2.36,150.45,13.47,0.495620053
07-Oct-25,28-Oct-25,SAMMAANCAP,Non-Hld,162.9,13.7,0.592363636,67.03339226,8.194396361,5.669817017,2.524579344,Close to BBHi,160,Proper,148.1,10,171.9,5.53,1.047635605
07-Oct-25,28-Oct-25,SBICARD,Non-Hld,906.7,45.9,6.253103448,65.44992783,14.39905054,13.02878269,1.370267849,Close to BBHi,900,Proper,855.15,6.03,944.85,4.21,0.658075876
07-Oct-25,28-Oct-25,SBILIFE,Non-Hld,1786.7,71.9,10.03764045,38.77697188,-10.28499962,-5.944904845,-4.340094774,Close to BBLi,1800,Proper,1729.25,3.33,1870.75,4.71,0.449661498
07-Oct-25,28-Oct-25,SBIN,Non-Hld,864.15,10.9,1.639753321,67.39068316,14.19686644,12.99114938,1.205717065,Close to BBHi,880,Proper,849.05,1.78,910.95,5.42,0.567213831
07-Oct-25,28-Oct-25,SHREECEM,Non-Hld,29555,71.2,5.027215513,43.78392714,-237.5745544,-221.0502878,-16.52426663,Close to BBLi,30000,Proper,28843.4,2.47,31156.6,5.42,0.728174603
07-Oct-25,28-Oct-25,SHRIRAMFIN,Non-Hld,666.95,14.3,2.230602007,69.14978238,8.135526549,3.099217199,5.03630935,Above BBHi,650,Proper,608.95,9.53,691.05,3.62,0.880521278
07-Oct-25,28-Oct-25,SIEMENS,Holding,3246,69.8,9.436046512,57.05202832,0.970483908,8.063441268,-7.09295736,Close to BBHi,3300,Proper,3137.45,3.46,3462.55,6.68,0.521717424
07-Oct-25,28-Oct-25,SOLARINDS,Non-Hld,14166,144,41.78761062,50.02357439,-192.1596333,-169.3686803,-22.79095302,Close to BBHi,14000,Proper,13157.5,7.67,14842.5,4.78,0.708079268
07-Oct-25,28-Oct-25,SONACOMS,Non-Hld,414,45.5,4.769585253,40.18167531,-9.350941925,-9.080891785,-0.27005014,Close to BBLi,420,Proper,393.5,5.21,446.5,7.86,0.648466085
07-Oct-25,28-Oct-25,SRF,Non-Hld,2967.1,62.1,7.607948718,54.2221439,-14.21509482,-18.44594241,4.230847583,Close to BBHi,3000,Proper,2866.4,3.52,3133.6,5.62,1.140101202
07-Oct-25,28-Oct-25,SUNPHARMA,Non-Hld,1655.5,79.7,16.39108911,59.11386604,2.682364538,-0.92922837,3.611592908,Close to BBHi,1680,Proper,1621.85,2.08,1738.15,5,0.962726398
07-Oct-25,28-Oct-25,SUPREMEIND,Non-Hld,4235,64.2,10.77608142,36.43413895,-67.57015127,-39.92718311,-27.64296815,Close to BBLi,4500,Proper,4151,2.03,4849,14.5,0.566366366
07-Oct-25,28-Oct-25,SUZLON,Non-Hld,54.12,43.3,13.26470588,30.50787015,-1.276716927,-0.974778857,-0.30193807,Close to BBLi,56,Proper,52.3,3.48,59.7,10.32,0.522401434
07-Oct-25,28-Oct-25,SYNGENE,Non-Hld,632.05,54.5,5.496086957,45.33052764,-7.816280199,-6.688529306,-1.127750893,Close to BBLi,640,Proper,605.4,4.41,674.6,6.74,0.761032864
07-Oct-25,28-Oct-25,TATACONSUM,Non-Hld,1123.9,63.8,6.534302326,61.63233657,13.94572708,13.09909922,0.846627866,Close to BBHi,1140,Proper,1090.65,3.05,1189.35,5.83,0.458719374
07-Oct-25,28-Oct-25,TATAELXSI,Non-Hld,5381,45,11.72331155,42.24308281,-96.90633625,-78.31721134,-18.58912492,Close to BBLi,6000,Proper,5276.7,1.98,6723.3,24.95,0.575288972
07-Oct-25,28-Oct-25,TATAMOTORS,Non-Hld,698.1,29,7.688325991,57.21349665,3.217297798,2.286143253,0.931154545,Close to BBHi,800,Proper,699.4,-0.18,900.6,29.01,0.502366354
07-Oct-25,28-Oct-25,TATAPOWER,Non-Hld,392.3,43,6.822608696,57.80195371,1.188430789,0.741366122,0.447064667,Close to BBHi,400,Proper,383.45,2.31,416.55,6.19,0.871561436
07-Oct-25,28-Oct-25,TATASTEEL,Non-Hld,171.5,14.4,1.681372549,54.12254568,1.811601156,2.290478702,-0.478877546,Close to BBHi,175,Proper,167.35,2.48,182.65,6.51,0.638811114
07-Oct-25,28-Oct-25,TATATECH,Non-Hld,712,44.6,17.45098039,58.15413393,1.273742116,0.73054742,0.543194696,Close to BBHi,700,Proper,661.95,7.57,738.05,3.66,0.73754529
07-Oct-25,28-Oct-25,TCS,Non-Hld,2975,22.2,14.23444976,44.81627065,-49.35996283,-35.68227971,-13.67768312,Close to BBLi,3000,Proper,2854.55,4.22,3145.45,5.73,0.719222584
07-Oct-25,28-Oct-25,TECHM,Non-Hld,1441,35,6.292576419,43.02503347,-26.02719109,-17.82927842,-8.197912678,Close to BBLi,1400,Proper,1314.65,9.62,1485.35,3.08,1.006751055
07-Oct-25,28-Oct-25,TIINDIA,Non-Hld,3223,47.1,11.98141264,48.68689053,7.966703423,36.56391401,-28.59721059,Close to BBHi,3200,Proper,3016.85,6.84,3383.15,4.97,0.527972028
07-Oct-25,28-Oct-25,TITAGARH,Non-Hld,928.8,45.4,4.96684492,52.18867892,3.892522382,9.089562622,-5.19704024,Close to BBHi,1000,Proper,907.6,2.34,1092.4,17.62,0.4695
07-Oct-25,28-Oct-25,TITAN,Non-Hld,3419,84.5,18.08994709,43.35191813,-42.44145495,-36.21543094,-6.226024002,Close to BBLi,3400,Proper,3254.85,5.05,3545.15,3.69,0.618685597
07-Oct-25,28-Oct-25,TORNTPHARM,Non-Hld,3538.9,60.2,15.79866071,43.21955455,-10.33172257,-2.277748055,-8.053974512,Close to BBLi,3500,Proper,3374.75,4.87,3625.25,2.45,0.586206897
07-Oct-25,28-Oct-25,TORNTPOWER,Non-Hld,1240,24,3.583815029,31.6123242,-21.19470976,-17.22040793,-3.974301829,Close to BBLi,1300,Proper,1211.3,2.37,1388.7,12,0.601742377
07-Oct-25,28-Oct-25,TRENT,Non-Hld,4685,100,28.22289157,35.02278387,-151.6805666,-136.9920778,-14.68848881,Close to BBLi,5500,Proper,4699.65,-0.31,6300.35,34.48,0.461877965
07-Oct-25,28-Oct-25,TVSMOTOR,Non-Hld,3510,57.3,16.79425837,63.67377133,48.445255,67.26583197,-18.82057696,Close to BBHi,3500,Proper,3328.3,5.46,3671.7,4.61,0.739096874
07-Oct-25,28-Oct-25,ULTRACEMCO,Non-Hld,12175,51,5.147991543,39.12720848,-125.2508486,-78.04310723,-47.2077414,Close to BBLi,13000,Proper,12172.3,0.03,13827.7,13.58,0.644117394
07-Oct-25,28-Oct-25,UNIONBANK,Non-Hld,138.6,5.74,0.905882353,52.31388317,1.186504371,1.081127395,0.105376975,Close to BBHi,140,Proper,132.05,4.97,147.95,6.75,0.670965295
07-Oct-25,28-Oct-25,UNITDSPR,Non-Hld,1352,62.4,12.51851852,59.34996876,5.802122345,1.450277474,4.351844871,Close to BBHi,1520,Proper,1342.9,0.68,1697.1,25.53,0.560068191
07-Oct-25,28-Oct-25,UNOMINDA,Non-Hld,1365.7,84.8,16.31660693,62.83367052,22.05970774,25.48073852,-3.421030781,Above BBHi,1360,Proper,1284.35,6.34,1435.65,5.13,0.594466061
07-Oct-25,28-Oct-25,UPL,Non-Hld,679.2,80.8,4.783098592,48.79881698,-9.420134607,-8.631419778,-0.788714829,Close to BBLi,700,Proper,665.25,2.1,734.75,8.18,0.665291691
07-Oct-25,28-Oct-25,VBL,Non-Hld,440.9,58.6,8.256554307,30.36163719,-12.65298849,-11.05277421,-1.600214283,Close to BBLi,450,Proper,424.8,3.8,475.2,7.78,0.55457955
07-Oct-25,28-Oct-25,VEDL,Non-Hld,472.25,12.2,2.446891192,61.98075081,6.803532729,5.167578038,1.635954691,Close to BBHi,500,Proper,463.95,1.79,536.05,13.51,0.74968411
07-Oct-25,28-Oct-25,VOLTAS,Non-Hld,1368,70.8,5.56097561,47.45300096,-4.638522299,1.319004873,-5.957527172,Close to BBLi,1400,Proper,1315.1,4.03,1484.9,8.55,0.637719631
07-Oct-25,28-Oct-25,WIPRO,Non-Hld,243.75,21,4.055740433,43.00899988,-2.671997994,-1.777599536,-0.894398458,Close to BBLi,250,Proper,235,3.73,265,8.72,0.825085399
07-Oct-25,28-Oct-25,YESBANK,Non-Hld,22.25,25.8,1.435483871,71.2103635,0.469355254,0.437165603,0.032189651,Above BBHi,23,Proper,21.6,3.01,24.4,9.67,0.431890314
07-Oct-25,28-Oct-25,ZYDUSLIFE,Non-Hld,986.95,22.3,4.677488152,45.39290439,-3.204229958,3.592633308,-6.796863266,Close to BBLi,1000,Proper,955.65,3.28,1044.35,5.82,0.604986482
