,Date,FnO,Holding,Symbol,CMP,RSI_Trend,BB Pos,CMP Dir,Interpretation,MACD_Trend,RSI,BB_HI,BB_MID,BB_LO,MACD,MACD_Signal,MACD_Hist,Market_Cap,Stock_PE,Book_Value
0,17-Oct-2025,Yes,No,360ONE,1161.0,increasing,Close to BBHi,increasing,Aproaching BBHi/nearing overbought zone,increasing,71.15781798854407,1173.0087632502991,1073.07,973.1312367497006,27.120468481295575,11.591590952045408,15.528877529250167,47061.0,112.0,140.0
1,17-Oct-2025,No,No,AADHARHFC,504.0,decreasing,Close to BBLo,decreasing,Approaching BBLo. Weakness persisting near support,decreasing,40.59495910671888,537.922252739073,517.3974999999999,496.87274726092693,-1.6306917205444051,0.39460546485579767,-2.025297185400203,21819.0,23.0,148.0
2,17-Oct-2025,No,No,AARTIIND,375.0,increasing,Close but BELOW Mid,decreasing,Below SMA - Bearish to neutral — still under pressure,decreasing,43.11202830730556,390.06748503682746,379.20750000000004,368.3475149631726,-4.303925145966275,-4.494958300642359,0.1910331546760835,13601.0,55.5,155.0
3,17-Oct-2025,Yes,Yes,ABB,5202.0,increasing,Close but BELOW Mid,increasing,Gradual recovery toward mean,increasing,49.647004098307576,5360.982134605228,5211.82,5062.657865394772,-21.85699062000731,-22.470647662493615,0.6136570424863059,110266.0,61.3,340.0
4,17-Oct-2025,Yes,No,ABCAPITAL,299.0,decreasing,Close but ABOVE Mid,increasing,"Above SMA, Mild bullishness, possible continuation",increasing,55.76532402590384,308.5435904007284,295.3025,282.0614095992716,4.907158138532338,5.103942235794395,-0.19678409726205626,78183.0,33.3,96.6
5,17-Oct-2025,No,No,ABREL,1631.0,increasing,Close but BELOW Mid,increasing,Gradual recovery toward mean,increasing,37.76516083597998,1891.7515142740224,1689.7150000000001,1487.678485725978,-66.00960370008511,-68.83437248690083,2.8247687868157243,18178.0,128.0,392.0
6,17-Oct-2025,No,No,ACC,1833.0,decreasing,Close to BBLo,decreasing,Approaching BBLo. Weakness persisting near support,decreasing,43.93125390290089,1897.8699437686817,1854.3,1810.7300562313183,3.077212731064037,4.131217432870058,-1.0540047018060212,34431.0,14.7,973.0
7,17-Oct-2025,Yes,No,ADANIENSOL,930.0,decreasing,Close but ABOVE Mid,decreasing,Pullback in ongoing uptrend,decreasing,60.99320276441162,962.4715660625304,913.4725000000001,864.4734339374697,31.999029002347356,31.476400741845666,0.5226282605016905,111783.0,160.0,164.0
8,17-Oct-2025,Yes,No,ADANIENT,2549.0,increasing,Close but BELOW Mid,increasing,Gradual recovery toward mean,increasing,56.26220243767397,2645.470253290847,2559.255,2473.0397467091534,35.690657501619626,43.483226874695205,-7.79256937307558,294356.0,129.0,231.0
9,17-Oct-2025,Yes,No,ADANIGREEN,1037.0,decreasing,Close but BELOW Mid,increasing,Gradual recovery toward mean,decreasing,50.430969855339434,1124.9865578306087,1062.15,999.3134421693915,15.60017995211183,21.23282559940951,-5.632645647297679,168262.0,197.0,51.8
10,17-Oct-2025,Yes,No,ADANIPORTS,1479.0,increasing,Above BBHi,increasing,Broke BBHi (Strong upside momentum/breakout/overbought,increasing,69.43720248877374,1475.8894837236462,1422.4299999999998,1368.9705162763535,22.319745973475165,15.37625980304593,6.943486170429235,319603.0,146.0,140.0
11,17-Oct-2025,No,No,ADANIPOWER,166.0,increasing,Close to BBHi,increasing,Aproaching BBHi/nearing overbought zone,increasing,69.78943842165593,166.7283440116513,152.3235,137.9186559883487,8.435138350285172,7.882941404316989,0.5521969459681824,320230.0,29.3,24.1
12,17-Oct-2025,No,No,AEGISLOG,805.0,decreasing,Close but ABOVE Mid,decreasing,Pullback in ongoing uptrend,decreasing,55.18954975915047,858.2670935915107,796.13,733.9929064084893,20.4698650739673,22.652669637890728,-2.1828045639234297,28240.0,65.3,79.7
13,17-Oct-2025,No,No,AEGISVOPAK,281.0,decreasing,Close but ABOVE Mid,increasing,"Above SMA, Mild bullishness, possible continuation",decreasing,60.311767297983,296.06420859216485,264.35450000000003,232.64479140783519,10.08198948158224,7.9755296549461026,2.1064598266361383,31134.0,287.0,0.0
14,17-Oct-2025,No,No,AFCONS,445.0,decreasing,Close to BBLo,decreasing,Approaching BBLo. Weakness persisting near support,decreasing,45.70212772383763,468.4906979066902,454.52,440.5493020933098,4.631122839253976,6.1227979489951245,-1.4916751097411485,16364.0,26.5,131.0
15,17-Oct-2025,No,No,AFFLE,1890.0,decreasing,Close to BBLo,decreasing,Approaching BBLo. Weakness persisting near support,increasing,40.52507415560838,2129.340211682589,1980.0600000000002,1830.779788317411,-24.83755463434659,-14.89478677337232,-9.942767860974268,26588.0,227.0,134.0
16,17-Oct-2025,Yes,No,ALKEM,5590.0,increasing,Close to BBHi,increasing,Aproaching BBHi/nearing overbought zone,increasing,63.150391513912226,5592.082786360482,5495.275,5398.4672136395175,55.69540665822751,56.15559772105526,-0.4601910628277466,66848.0,31.0,1031.0
17,17-Oct-2025,Yes,No,AMBER,8245.0,increasing,Close but BELOW Mid,increasing,Gradual recovery toward mean,decreasing,54.96905843037139,8436.896115996897,8260.775,8084.653884003102,117.74774611044995,154.5506673999115,-36.80292128946155,28989.0,185.0,559.0
18,17-Oct-2025,Yes,No,AMBUJACEM,564.0,increasing,Close to BBLo,decreasing,Approaching BBLo. Weakness persisting near support,increasing,42.872389423157124,589.3299852854573,572.3399999999999,555.3500147145426,-3.3886289237279925,-2.9717849633473343,-0.4168439603806582,139336.0,34.5,197.0
19,17-Oct-2025,No,No,ANANDRATHI,3128.0,decreasing,Close to BBHi,decreasing,Pullback near resistance or profit booking,increasing,65.1795757353234,3163.2750124224453,2957.6485,2752.0219875775542,70.230471684431,50.75318516363521,19.477286520795786,25967.0,76.9,100.0
20,17-Oct-2025,No,No,ANANTRAJ,621.0,decreasing,Below BBLo,decreasing,Broke BBLo (strong dwnside momentum/oversold),decreasing,42.630286450849546,737.1406357036133,681.395,625.6493642963867,19.141223451027827,33.374309086004025,-14.233085634976199,22350.0,90.6,108.0
21,17-Oct-2025,Yes,No,ANGELONE,2493.0,increasing,Above BBHi,increasing,Broke BBHi (Strong upside momentum/breakout/overbought,increasing,69.4730225625731,2487.544272152146,2268.9550000000004,2050.365727847855,29.763586186504654,-18.08196347676046,47.84554966326512,22645.0,26.6,643.0
22,17-Oct-2025,Yes,No,APLAPOLLO,1755.0,increasing,Close to BBHi,increasing,Aproaching BBHi/nearing overbought zone,decreasing,63.17450352695727,1769.6713254053398,1714.48,1659.2886745946603,21.70881631906491,21.108719200532796,0.600097118532112,48752.0,136.0,111.0
23,17-Oct-2025,Yes,No,APOLLOHOSP,7906.0,increasing,Close to BBHi,increasing,Aproaching BBHi/nearing overbought zone,increasing,64.49663926282028,7933.943610535859,7657.075,7380.206389464141,41.55289559150151,7.492868016544586,34.060027574956926,113742.0,84.2,607.0
24,17-Oct-2025,No,No,APTUS,310.0,increasing,Close to BBLo,decreasing,Approaching BBLo. Weakness persisting near support,decreasing,41.43022157876295,330.9776645610911,317.02000000000004,303.062335438909,-7.009065471349913,-6.41542453446201,-0.593640936887903,15500.0,25.7,75.6
25,17-Oct-2025,No,No,ARE&M,995.0,decreasing,Close but BELOW Mid,decreasing,Below SMA - Bearish to neutral — still under pressure,decreasing,46.67437755660332,1017.2684051390735,998.5450000000001,979.8215948609267,-1.8094404262860735,-0.45575793674175924,-1.3536824895443142,18214.0,21.8,403.0
26,17-Oct-2025,Yes,No,ASHOKLEY,135.0,decreasing,Close to BBLo,decreasing,Approaching BBLo. Weakness persisting near support,decreasing,43.93214994573668,144.55974624348832,139.427,134.29425375651167,0.7371221583251497,1.8751128881521897,-1.13799072982704,79027.0,24.0,19.6
27,17-Oct-2025,Yes,No,ASIANPAINT,2508.0,increasing,Above BBHi,increasing,Broke BBHi (Strong upside momentum/breakout/overbought,increasing,64.61958016644562,2499.810973888054,2383.37,2266.929026111946,-22.19376058592934,-38.309727064559645,16.115966478630305,240598.0,63.9,198.0
28,17-Oct-2025,No,No,ASTERDM,705.0,increasing,Close to BBHi,increasing,Aproaching BBHi/nearing overbought zone,decreasing,65.66010453943389,722.0769405404084,663.3375,604.5980594595916,23.74459565433517,19.665100846466945,4.079494807868226,36580.0,113.0,59.4
29,17-Oct-2025,Yes,No,ASTRAL,1436.0,increasing,Close to BBHi,increasing,Aproaching BBHi/nearing overbought zone,increasing,57.574070351973006,1467.9074661675284,1412.395,1356.8825338324716,3.8576607808040535,-1.8993631020979271,5.757023882901981,38588.0,72.2,134.0
30,17-Oct-2025,No,No,ATGL,620.0,increasing,Close but BELOW Mid,increasing,Gradual recovery toward mean,increasing,46.25465213881135,724.7975400102323,646.6924999999999,568.5874599897675,-2.4204184825084667,1.6104195900906766,-4.030838072599144,68155.0,108.0,38.0
31,17-Oct-2025,No,No,ATUL,5917.0,increasing,Close but BELOW Mid,increasing,Gradual recovery toward mean,increasing,40.83021688764284,6374.346715103367,6066.5,5758.653284896633,-159.98628751119395,-146.98266980577407,-13.003617705419884,17395.0,35.6,1973.0
32,17-Oct-2025,Yes,No,AUBANK,794.0,increasing,Close to BBHi,increasing,Aproaching BBHi/nearing overbought zone,increasing,67.6915230921178,804.5382802926832,753.215,701.8917197073168,18.65726005681438,12.309896182729213,6.347363874085167,59334.0,27.2,231.0
33,17-Oct-2025,Yes,No,AUROPHARMA,1101.0,decreasing,Close but BELOW Mid,decreasing,Below SMA - Bearish to neutral — still under pressure,decreasing,50.91176118072476,1137.0227779917795,1103.1299999999999,1069.2372220082202,9.161271933139005,9.089000779709627,0.07227115342937829,64556.0,32.7,350.0
34,17-Oct-2025,Yes,No,AXISBANK,1200.0,increasing,Close to BBHi,increasing,Aproaching BBHi/nearing overbought zone,decreasing,63.19199179658566,1213.8581435308865,1169.77,1125.6818564691134,25.365466768404985,25.21162343049587,0.15384333790911597,372527.0,15.3,612.0
35,17-Oct-2025,Yes,No,BAJAJ-AUTO,9142.0,increasing,Close to BBHi,increasing,Aproaching BBHi/nearing overbought zone,increasing,60.97254929129909,9214.2079188221,8890.45,8566.692081177902,77.09254172111469,43.71522090751539,33.3773208135993,255343.0,30.2,1151.0
36,17-Oct-2025,Yes,No,BAJAJFINSV,2083.0,increasing,Close to BBHi,increasing,Aproaching BBHi/nearing overbought zone,increasing,62.56852491125814,2100.8743097631987,2038.2149999999997,1975.5556902368007,15.060454271239223,9.416053440754482,5.6444008304847415,332737.0,265.0,52.4
37,17-Oct-2025,No,No,BAJAJHFL,109.0,increasing,Close but BELOW Mid,increasing,Gradual recovery toward mean,increasing,42.44638477819921,114.01386776152495,110.8785,107.74313223847506,-1.2072713324676982,-1.1195278144097642,-0.08774351805793401,91189.0,40.3,24.0
38,17-Oct-2025,No,No,BAJAJHLDNG,12590.0,increasing,Close but ABOVE Mid,increasing,"Above SMA, Mild bullishness, possible continuation",increasing,52.166415320695215,13402.915148229498,12445.7,11488.484851770503,-238.1423945770348,-312.4068034865416,74.26440890950681,140086.0,95.8,1741.0
39,17-Oct-2025,Yes,No,BAJFINANCE,1070.0,increasing,Above BBHi,increasing,Broke BBHi (Strong upside momentum/breakout/overbought,increasing,71.33242964306304,1067.7434546144787,1018.3774999999999,969.0115453855211,30.254271986276876,26.713207999250564,3.5410639870263125,665837.0,43.2,142.0
40,17-Oct-2025,Yes,No,BANDHANBNK,161.0,decreasing,Close but BELOW Mid,decreasing,Below SMA - Bearish to neutral — still under pressure,decreasing,45.14766202022143,169.62138703119692,162.822,156.0226129688031,-0.621281692795776,-0.6300902304095322,0.008808537613756107,25943.0,12.6,153.0
41,17-Oct-2025,Yes,No,BANKBARODA,264.0,decreasing,Close but ABOVE Mid,increasing,"Above SMA, Mild bullishness, possible continuation",decreasing,60.93059658459654,272.555276975931,260.03599999999994,247.5167230240689,6.8467107089769,6.7896741376017165,0.0570365713751837,136808.0,6.96,275.0
42,17-Oct-2025,Yes,No,BANKINDIA,123.0,decreasing,Close but BELOW Mid,decreasing,Below SMA - Bearish to neutral — still under pressure,decreasing,52.680717163249604,129.3266306087523,123.37749999999998,117.42836939124766,2.5964764630154775,2.873352736506851,-0.27687627349137367,56143.0,5.75,174.0
43,17-Oct-2025,Yes,No,BDL,1540.0,increasing,Close but ABOVE Mid,increasing,"Above SMA, Mild bullishness, possible continuation",increasing,51.40265548128685,1621.7572020722005,1537.75,1453.7427979277995,-11.95452305673075,-11.07297723375541,-0.8815458229753403,56449.0,101.0,109.0
44,17-Oct-2025,Yes,Yes,BEL,413.0,increasing,Close to BBHi,increasing,Aproaching BBHi/nearing overbought zone,increasing,58.423107213446826,417.20872696630204,406.59250000000003,395.976273033698,5.7694856217448205,6.089973823368476,-0.32048820162365566,301821.0,55.1,27.0
45,17-Oct-2025,No,No,BEML,4412.0,increasing,Close but ABOVE Mid,increasing,"Above SMA, Mild bullishness, possible continuation",increasing,57.517247747020285,4511.8600816449425,4328.75,4145.6399183550575,72.2619925964591,65.27824597452562,6.983746621933477,18384.0,61.2,686.0
46,17-Oct-2025,Yes,No,BHARATFORG,1241.0,increasing,Close but ABOVE Mid,increasing,"Above SMA, Mild bullishness, possible continuation",increasing,55.62295965142339,1270.523070521238,1225.175,1179.826929478762,11.461325824380992,9.440022659523592,2.0213031648574002,59340.0,42.5,229.0
47,17-Oct-2025,Yes,No,BHARTIARTL,2014.0,increasing,Above BBHi,increasing,Broke BBHi (Strong upside momentum/breakout/overbought,increasing,70.48859823168904,2000.4753445059794,1934.6199999999997,1868.76465549402,18.99798821875811,10.011499196843264,8.986489021914846,1208282.0,54.5,246.0
48,17-Oct-2025,No,No,BHARTIHEXA,1815.0,increasing,Above BBHi,increasing,Broke BBHi (Strong upside momentum/breakout/overbought,decreasing,60.790242896112126,1814.899549804477,1715.9150000000002,1616.9304501955235,10.235203880341032,-4.0198653210801965,14.255069201421229,90766.0,63.2,119.0
49,17-Oct-2025,Yes,No,BHEL,233.0,increasing,Close to BBLo,increasing,"weak, possibly rebounding (early reversal possible)",decreasing,46.997305548897046,245.7292252233215,237.7265,229.72377477667848,1.8433789381656993,3.021062077178078,-1.1776831390123785,81017.0,299.0,72.1
50,17-Oct-2025,Yes,No,BIOCON,355.0,increasing,Close but ABOVE Mid,increasing,"Above SMA, Mild bullishness, possible continuation",increasing,51.74109634111249,367.2451334334396,352.35,337.45486656656044,-1.5165178031513165,-2.9788500819327868,1.4623322787814703,47475.0,3798.0,96.0
51,17-Oct-2025,No,No,BLS,327.0,increasing,Close but BELOW Mid,increasing,Gradual recovery toward mean,increasing,46.272051248070426,377.0671144631415,332.9,288.7328855368585,-15.620322954784001,-14.084919567289415,-1.5354033874945863,13429.0,631.0,2.59
52,17-Oct-2025,Yes,No,BLUESTARCO,1964.0,increasing,Close to BBHi,increasing,Aproaching BBHi/nearing overbought zone,increasing,59.699360749830944,1990.6673538994605,1920.6599999999999,1850.6526461005392,13.17175254177937,9.58202287519125,3.58972966658812,40387.0,90.3,139.0
53,17-Oct-2025,Yes,No,BOSCHLTD,38681.0,increasing,Close but ABOVE Mid,increasing,"Above SMA, Mild bullishness, possible continuation",increasing,48.77141180120638,39548.47034258358,38641.25,37734.02965741642,-278.8319597637892,-285.43659709087774,6.60463732708854,114038.0,51.4,4685.0
54,17-Oct-2025,Yes,No,BPCL,336.0,increasing,Close but BELOW Mid,increasing,Gradual recovery toward mean,decreasing,53.84980254933837,348.1193413071028,336.1025,324.08565869289725,4.327740390980125,5.28221498957776,-0.9544745985976348,145665.0,8.26,187.0
55,17-Oct-2025,No,No,BRIGADE,983.0,increasing,Above BBHi,increasing,Broke BBHi (Strong upside momentum/breakout/overbought,increasing,62.74655922358902,971.0042779378806,921.8875,872.7707220621195,3.347984251854882,-7.282248618006643,10.630232869861526,24040.0,54.1,250.0
56,17-Oct-2025,Yes,No,BRITANNIA,6073.0,increasing,Close to BBHi,increasing,Aproaching BBHi/nearing overbought zone,increasing,60.22489979277488,6102.901822947323,5944.675,5786.448177052677,9.70809007592652,9.56498276596185,0.14310730996467136,146289.0,68.8,161.0
57,17-Oct-2025,Yes,Yes,BSE,2486.0,increasing,Close to BBHi,increasing,Aproaching BBHi/nearing overbought zone,decreasing,67.22550066408681,2565.6659291139904,2236.0099999999998,1906.354070886009,69.38360875390481,19.35178396432175,50.031824789583055,101093.0,70.5,92.3
58,17-Oct-2025,Yes,Yes,CAMS,3794.0,increasing,Close but BELOW Mid,increasing,Gradual recovery toward mean,increasing,45.157948530340704,4021.7752974610903,3852.005,3682.23470253891,-20.249565890948816,-18.03922062903832,-2.210345261910497,18790.0,42.3,210.0
59,17-Oct-2025,Yes,No,CANBK,125.0,decreasing,Close but ABOVE Mid,increasing,"Above SMA, Mild bullishness, possible continuation",decreasing,58.826110029255574,130.80512467865552,124.16799999999998,117.53087532134445,4.178403969669176,4.444544394018737,-0.26614042434956087,113801.0,6.37,115.0
60,17-Oct-2025,No,No,CASTROLIND,199.0,increasing,Close but BELOW Mid,increasing,Gradual recovery toward mean,increasing,45.2731833372721,205.19634305913138,200.678,196.15965694086862,-0.879005773146531,-1.0378348498937027,0.15882907674717162,19689.0,20.6,18.4
61,17-Oct-2025,Yes,Yes,CDSL,1611.0,decreasing,Close to BBHi,increasing,Aproaching BBHi/nearing overbought zone,decreasing,60.61222394233261,1657.1746080132434,1546.6799999999998,1436.1853919867563,22.74284338555526,9.082258970868827,13.660584414686435,33676.0,66.2,66.6
62,17-Oct-2025,No,No,CESC,170.0,increasing,Close but ABOVE Mid,increasing,"Above SMA, Mild bullishness, possible continuation",increasing,54.724460652818,175.4392889470797,167.564,159.6887110529203,2.5819680755591605,1.74271711303594,0.8392509625232205,22602.0,27.6,74.6
63,17-Oct-2025,No,No,CGCL,193.0,increasing,Close but ABOVE Mid,increasing,"Above SMA, Mild bullishness, possible continuation",increasing,55.779280460430385,194.9747463038776,189.6905,184.40625369612238,1.312652599417902,1.0147137171377558,0.2979388822801461,18599.0,37.0,48.0
64,17-Oct-2025,Yes,Yes,CGPOWER,758.0,increasing,Close but ABOVE Mid,increasing,"Above SMA, Mild bullishness, possible continuation",increasing,54.956337429788334,777.5543353379193,754.385,731.2156646620807,6.003360268317465,7.699836267979219,-1.6964759996617538,119335.0,116.0,26.6
65,17-Oct-2025,No,No,CHAMBLFERT,484.0,increasing,Close to BBLo,increasing,"weak, possibly rebounding (early reversal possible)",increasing,29.603326384230897,547.5368271854277,511.75,475.9631728145724,-16.20568524092164,-13.33131919661988,-2.874366044301759,19354.0,11.1,213.0
66,17-Oct-2025,Yes,No,CHOLAFIN,1655.0,decreasing,Close to BBHi,increasing,Aproaching BBHi/nearing overbought zone,increasing,58.82184405509922,1684.0915990785222,1621.9299999999998,1559.7684009214775,38.171129853473985,35.07419723425058,3.096932619223402,139581.0,31.4,281.0
67,17-Oct-2025,No,No,CHOLAHLDNG,1864.0,increasing,Close but BELOW Mid,increasing,Gradual recovery toward mean,increasing,49.14728110159776,1988.0937991680075,1888.0700000000002,1788.0462008319928,-2.7658396129968423,-1.6097989005634643,-1.156040712433378,35071.0,539.0,72.0
68,17-Oct-2025,Yes,No,CIPLA,1578.0,increasing,Close to BBHi,increasing,Aproaching BBHi/nearing overbought zone,increasing,60.65174545759271,1588.0063532273025,1531.585,1475.1636467726976,5.624208090865295,-2.5386901902733543,8.162898281138649,127494.0,24.7,397.0
69,17-Oct-2025,Yes,Yes,COALINDIA,389.0,increasing,Close but ABOVE Mid,increasing,"Above SMA, Mild bullishness, possible continuation",increasing,54.53287432598669,396.4307024720546,387.3775,378.3242975279454,-0.43608558395777663,-0.18073660241439268,-0.2553489815433839,239669.0,14.1,29.3
70,17-Oct-2025,No,No,COCHINSHIP,1791.0,increasing,Close but BELOW Mid,increasing,Gradual recovery toward mean,increasing,48.714773693308544,1939.7866397219104,1833.1899999999998,1726.5933602780892,1.6998271650938932,11.519170664882212,-9.819343499788319,47124.0,55.4,213.0
71,17-Oct-2025,Yes,No,COFORGE,1739.0,increasing,Close but ABOVE Mid,increasing,"Above SMA, Mild bullishness, possible continuation",increasing,55.044235874853385,1817.6687064596963,1673.675,1529.6812935403036,9.645293253738828,-5.374204563613964,15.019497817352793,58190.0,97.5,172.0
72,17-Oct-2025,Yes,No,COLPAL,2288.0,increasing,Close but ABOVE Mid,increasing,"Above SMA, Mild bullishness, possible continuation",increasing,55.101185493203225,2345.1642669732123,2252.5350000000003,2159.9057330267883,-21.503719746937804,-29.3707645130035,7.867044766065696,62248.0,44.7,61.2
73,17-Oct-2025,Yes,No,CONCOR,530.0,increasing,Close but BELOW Mid,increasing,Gradual recovery toward mean,increasing,43.56615194934383,549.3303952243135,533.295,517.2596047756864,-5.4392064298832565,-6.147570201852004,0.7083637719687479,40373.0,31.1,162.0
74,17-Oct-2025,No,No,COROMANDEL,2151.0,decreasing,Close to BBLo,decreasing,Approaching BBLo. Weakness persisting near support,decreasing,37.67569698737088,2330.9142683254386,2236.73,2142.5457316745615,-37.00179740862541,-27.798813883064444,-9.202983525560963,63312.0,31.0,373.0
75,17-Oct-2025,No,No,CREDITACC,1289.0,decreasing,Below BBLo,decreasing,Broke BBLo (strong dwnside momentum/oversold),decreasing,38.02343834529285,1434.7627597474461,1377.315,1319.867240252554,5.5625608349294,14.17385102705107,-8.61129019212167,20661.0,107.0,436.0
76,17-Oct-2025,Yes,No,CROMPTON,288.0,increasing,Close but BELOW Mid,increasing,Gradual recovery toward mean,increasing,37.03261231054095,309.8261785094743,292.85499999999996,275.88382149052563,-9.333367889232818,-9.98475039905286,0.6513825098200421,18516.0,34.9,56.0
77,17-Oct-2025,Yes,No,CUMMINSIND,3975.0,increasing,Close but ABOVE Mid,increasing,"Above SMA, Mild bullishness, possible continuation",increasing,53.687897761247605,4047.2917083380794,3960.6349999999998,3873.97829166192,14.921922176065891,22.78868838177227,-7.86676620570638,110194.0,54.0,253.0
78,17-Oct-2025,Yes,No,CYIENT,1172.0,increasing,Mid,increasing,Stabilizing / preparing for uptrend continuation,increasing,48.02114392123851,1219.9731099295445,1170.5049999999999,1121.0368900704552,-13.139486939699964,-13.898616511476629,0.7591295717766648,13025.0,29.8,348.0
79,17-Oct-2025,Yes,No,DABUR,509.0,increasing,Close but ABOVE Mid,increasing,"Above SMA, Mild bullishness, possible continuation",increasing,52.85636742197659,526.8094082857374,499.49500000000006,472.1805917142627,-8.300386382883858,-10.019673290615199,1.719286907731341,90318.0,64.3,41.9
80,17-Oct-2025,Yes,No,DALBHARAT,2252.0,increasing,Close but BELOW Mid,increasing,Gradual recovery toward mean,increasing,42.407581061973815,2369.3624696967463,2259.5350000000003,2149.7075303032543,-34.661669139590686,-32.88759332331765,-1.774075816273033,42241.0,322.0,415.0
81,17-Oct-2025,No,No,DATAPATTNS,2807.0,increasing,Close but ABOVE Mid,increasing,"Above SMA, Mild bullishness, possible continuation",decreasing,55.899208073172716,2926.7416904510396,2746.8849999999998,2567.02830954896,33.03981907436946,36.56134521032254,-3.5215261359530814,15717.0,73.3,269.0
82,17-Oct-2025,No,No,DEEPAKFERT,1438.0,increasing,Close to BBLo,increasing,"weak, possibly rebounding (early reversal possible)",decreasing,43.377534223970336,1601.4044509509056,1503.2350000000001,1405.0655490490947,-8.208562368132789,5.328717616042369,-13.537279984175157,18150.0,42.4,276.0
83,17-Oct-2025,Yes,No,DELHIVERY,465.0,decreasing,Close but ABOVE Mid,decreasing,Pullback in ongoing uptrend,decreasing,52.05963230353894,483.11032812599314,458.61500000000007,434.119671874007,0.3160445572867161,0.20119424232132185,0.11485031496539425,34804.0,147.0,132.0
84,17-Oct-2025,No,No,DEVYANI,166.0,increasing,Close but BELOW Mid,increasing,Gradual recovery toward mean,increasing,46.87877196022756,178.66484665866983,168.65050000000002,158.6361533413302,-2.9659028808513597,-2.7546416473992243,-0.21126123345213532,20486.0,0.0,9.15
85,17-Oct-2025,Yes,No,DIVISLAB,6596.0,increasing,Close to BBHi,increasing,Aproaching BBHi/nearing overbought zone,decreasing,72.60746374919606,6777.511056534957,6122.35,5467.188943465044,149.44339777877303,52.54297538296909,96.90042239580394,175171.0,75.0,561.0
86,17-Oct-2025,Yes,No,DIXON,16686.0,increasing,Close but BELOW Mid,increasing,Gradual recovery toward mean,increasing,42.774051519712536,18446.119810249173,17206.6,15967.080189750826,-171.18351399112726,-96.54034112040895,-74.6431728707183,101085.0,712.0,362.0
87,17-Oct-2025,Yes,No,DLF,768.0,increasing,Close to BBHi,increasing,Aproaching BBHi/nearing overbought zone,increasing,59.72676762864084,779.7635337520728,740.5400000000001,701.3164662479273,-1.4205455255015522,-7.477406571734163,6.056861046232611,190277.0,117.0,119.0
88,17-Oct-2025,Yes,No,DMART,4295.0,increasing,Close but BELOW Mid,increasing,Gradual recovery toward mean,increasing,39.07908138857818,4755.632307506732,4425.214999999999,4094.797692493266,-96.21848367335133,-79.07414159828404,-17.144342075067286,279555.0,93.8,366.0
89,17-Oct-2025,Yes,No,DRREDDY,1256.0,increasing,Close but BELOW Mid,increasing,Gradual recovery toward mean,increasing,48.98674423877553,1313.2374340710874,1258.9650000000001,1204.692565928913,-9.357964473222637,-8.248585927036444,-1.1093785461861927,104840.0,15.2,346.0
90,17-Oct-2025,Yes,No,EICHERMOT,7031.0,increasing,Close to BBHi,increasing,Aproaching BBHi/nearing overbought zone,increasing,65.26634922063974,7063.836642962753,6961.65,6859.463357037246,135.7969411278791,170.98162348743182,-35.18468235955271,192830.0,42.9,675.0
91,17-Oct-2025,No,No,ENRIN,3114.0,decreasing,Close to BBLo,decreasing,Approaching BBLo. Weakness persisting near support,increasing,33.66667038948623,3650.3288803093515,3347.21,3044.0911196906486,-70.35690230411274,-31.741787011104094,-38.61511529300864,110942.0,271.0,108.0
92,17-Oct-2025,Yes,No,ETERNAL,343.0,decreasing,Close but ABOVE Mid,decreasing,Pullback in ongoing uptrend,decreasing,56.83960842422069,356.13158949599784,338.14750000000004,320.16341050400223,7.986334041034354,7.539214697064488,0.44711934396986575,330367.0,139.0,37.1
93,17-Oct-2025,Yes,No,EXIDEIND,401.0,increasing,Close but ABOVE Mid,increasing,"Above SMA, Mild bullishness, possible continuation",increasing,51.05862026909378,409.7700877189762,397.8,385.82991228102384,-1.9579587905726044,-1.764261821848652,-0.19369696872395226,34055.0,30.5,170.0
94,17-Oct-2025,Yes,No,FEDERALBNK,212.0,decreasing,Close to BBHi,decreasing,Pullback near resistance or profit booking,decreasing,68.53771716794263,219.0571743239331,200.9335,182.8098256760669,5.548792232396323,3.310827712202162,2.2379645201941614,52215.0,13.4,136.0
95,17-Oct-2025,No,No,FIRSTCRY,367.0,increasing,Close but BELOW Mid,increasing,Gradual recovery toward mean,increasing,44.2824259071297,389.5992211999324,372.185,354.7707788000676,-4.062246782184104,-2.79783834043091,-1.264408441753194,19161.0,304.0,116.0
96,17-Oct-2025,No,No,FIVESTAR,528.0,increasing,Close but ABOVE Mid,increasing,"Above SMA, Mild bullishness, possible continuation",increasing,45.22434621280286,543.0524140461605,527.31,511.5675859538394,-9.169574917580917,-12.097907141516481,2.9283322239355645,15548.0,14.3,214.0
97,17-Oct-2025,Yes,No,FORTIS,1083.0,decreasing,Close to BBHi,increasing,Aproaching BBHi/nearing overbought zone,decreasing,68.37908020900936,1132.0032794032843,1018.0375,904.0717205967156,46.109614138657435,39.57542833185347,6.534185806803961,81750.0,466.0,120.0
98,17-Oct-2025,No,No,FSL,327.0,increasing,Close but BELOW Mid,increasing,Gradual recovery toward mean,increasing,39.207858037730084,370.030558405068,337.0625,304.094441594932,-9.931321214841091,-9.514636555206092,-0.4166846596349991,23113.0,54.8,36.4
99,17-Oct-2025,Yes,No,GAIL,178.0,increasing,Close but ABOVE Mid,increasing,"Above SMA, Mild bullishness, possible continuation",decreasing,50.07515858318031,182.16978072708994,177.4925,172.81521927291007,0.25805517321089155,0.19400189090691453,0.06405328230397703,116722.0,13.6,107.0
100,17-Oct-2025,No,No,GESHIP,1037.0,increasing,Close but ABOVE Mid,increasing,"Above SMA, Mild bullishness, possible continuation",decreasing,53.569770099813994,1079.302843712342,1032.0975,984.892156287658,14.317482885224535,16.366125068584058,-2.0486421833595223,14807.0,10.0,840.0
101,17-Oct-2025,No,No,GILLETTE,9365.0,increasing,Close but BELOW Mid,decreasing,Below SMA - Bearish to neutral — still under pressure,increasing,37.93948565268059,10143.25652566752,9591.825,9040.39347433248,-224.96713883350276,-225.41832066605235,0.45118183254959376,30489.0,54.1,314.0
102,17-Oct-2025,No,No,GLAND,1936.0,increasing,Close but BELOW Mid,increasing,Gradual recovery toward mean,increasing,47.32468746369606,2027.1006137120264,1962.025,1896.9493862879738,-7.637809432859058,-1.0201228435954262,-6.617686589263632,31859.0,28.0,592.0
103,17-Oct-2025,Yes,No,GLENMARK,1865.0,decreasing,Close to BBLo,decreasing,Approaching BBLo. Weakness persisting near support,decreasing,30.194619777169294,2067.263714414912,1956.4509999999998,1845.6382855850875,-42.13100288325472,-29.115531250278327,-13.015471632976396,52614.0,28.1,868.0
104,17-Oct-2025,Yes,No,GMRAIRPORT,90.1,increasing,Close but ABOVE Mid,increasing,"Above SMA, Mild bullishness, possible continuation",increasing,53.32601691572168,92.272150918898,89.4005,86.52884908110198,0.3316403663808245,0.15901431192789856,0.17262605445292595,95409.0,0.0,50.9
105,17-Oct-2025,No,No,GODFRYPHLP,3407.0,increasing,Close but ABOVE Mid,increasing,"Above SMA, Mild bullishness, possible continuation",increasing,51.44455895180614,3522.377474124593,3380.2300000000005,3238.082525875408,-24.496498070342113,-16.770677481182382,-7.725820589159731,53084.0,44.2,283.0
106,17-Oct-2025,No,No,GODIGIT,351.0,decreasing,Close but BELOW Mid,decreasing,Below SMA - Bearish to neutral — still under pressure,decreasing,46.02788045329066,366.1456901989226,352.5125,338.8793098010774,0.6772783242753917,-0.22995753736619248,0.9072358616415842,32458.0,70.3,46.7
107,17-Oct-2025,Yes,No,GODREJCP,1141.0,increasing,Close but BELOW Mid,increasing,Gradual recovery toward mean,increasing,38.61969797338892,1230.064095839027,1155.465,1080.8659041609728,-32.92172622220983,-31.023900915776323,-1.8978253064335036,116715.0,86.9,81.8
108,17-Oct-2025,Yes,No,GODREJPROP,2235.0,increasing,Above BBHi,increasing,Broke BBHi (Strong upside momentum/breakout/overbought,increasing,67.8810219704288,2213.2385248128176,2067.19,1921.1414751871826,36.37430374730184,12.297133543876518,24.077170203425318,67344.0,117.0,579.0
109,17-Oct-2025,Yes,No,GRASIM,2847.0,increasing,Close but ABOVE Mid,increasing,"Above SMA, Mild bullishness, possible continuation",increasing,55.703073166769066,2872.1733922554863,2803.25,2734.3266077445137,7.7261726706269656,2.5897051445034913,5.136467526123474,193747.0,655.0,799.0
110,17-Oct-2025,No,No,GRSE,2596.0,increasing,Close but BELOW Mid,increasing,Gradual recovery toward mean,decreasing,48.93818313475513,2780.545637014173,2645.305,2510.064362985827,17.827620348786695,29.616524003222544,-11.788903654435849,29722.0,53.0,182.0
111,17-Oct-2025,Yes,No,HAL,4878.0,increasing,Close to BBHi,increasing,Aproaching BBHi/nearing overbought zone,increasing,60.40615583645781,4916.029780846896,4807.429999999999,4698.830219153103,58.751685686516794,62.066975938791856,-3.3152902522750622,326007.0,39.5,521.0
112,17-Oct-2025,Yes,No,HAVELLS,1486.0,increasing,Close but BELOW Mid,increasing,Gradual recovery toward mean,increasing,44.16667302057247,1583.0853896697297,1507.7649999999999,1432.44461033027,-23.95857732817376,-21.069042686458022,-2.8895346417157377,93189.0,65.2,133.0
113,17-Oct-2025,No,No,HBLENGINE,936.0,decreasing,Close to BBHi,increasing,Aproaching BBHi/nearing overbought zone,increasing,67.9516575552903,941.4441829205768,861.2924999999999,781.140817079423,35.21555427090129,30.256376021938635,4.959178248962658,25909.0,77.1,52.6
114,17-Oct-2025,Yes,No,HCLTECH,1486.0,decreasing,Close to BBHi,increasing,Aproaching BBHi/nearing overbought zone,decreasing,60.08271393507305,1520.5667170795682,1435.4969999999998,1350.4272829204315,11.83153211036165,-0.399687027512325,12.231219137873975,403212.0,33.3,115.0
115,17-Oct-2025,Yes,No,HDFCAMC,5716.0,increasing,Close but ABOVE Mid,increasing,"Above SMA, Mild bullishness, possible continuation",increasing,53.16822203482388,5913.446093328932,5663.475,5413.503906671069,6.215817423492808,-9.514985988572915,15.730803412065724,122189.0,44.5,362.0
116,17-Oct-2025,Yes,No,HDFCBANK,1003.0,increasing,Above BBHi,increasing,Broke BBHi (Strong upside momentum/breakout/overbought,increasing,70.57819927016897,999.7800111074561,969.3950000000001,939.0099888925441,6.287683098716002,1.8103081173731157,4.477374981342886,1540443.0,22.2,338.0
117,17-Oct-2025,Yes,No,HDFCLIFE,746.0,increasing,Close to BBLo,increasing,"weak, possibly rebounding (early reversal possible)",increasing,42.70164235080371,783.9436663329325,759.4325,734.9213336670675,-7.392467252037818,-6.077187432888398,-1.3152798191494197,160812.0,85.3,78.5
118,17-Oct-2025,Yes,No,HEROMOTOCO,5592.0,decreasing,Close to BBHi,increasing,Aproaching BBHi/nearing overbought zone,decreasing,64.42406092315196,5679.216335182469,5474.225,5269.2336648175315,123.69000982009402,133.89916143668881,-10.209151616594795,111906.0,24.3,990.0
119,17-Oct-2025,Yes,No,HFCL,75.5,increasing,Close but ABOVE Mid,increasing,"Above SMA, Mild bullishness, possible continuation",increasing,51.84952004798165,77.85537024794938,75.026,72.19662975205061,0.6771471273224705,0.4445668881934194,0.23258023912905113,10882.0,435.0,27.5
120,17-Oct-2025,Yes,No,HINDALCO,772.0,increasing,Close but ABOVE Mid,increasing,"Above SMA, Mild bullishness, possible continuation",increasing,59.73720885670358,787.9629506455204,761.7850000000001,735.6070493544797,12.765911966119916,13.973502392713765,-1.2075904265938497,173565.0,25.6,312.0
121,17-Oct-2025,No,No,HINDCOPPER,342.0,increasing,Close but ABOVE Mid,increasing,"Above SMA, Mild bullishness, possible continuation",decreasing,63.16115889322562,366.1552612958694,328.8435,291.5317387041306,22.007051041442537,23.843165535422163,-1.8361144939796255,33043.0,67.5,27.6
122,17-Oct-2025,Yes,No,HINDPETRO,450.0,increasing,Close but ABOVE Mid,increasing,"Above SMA, Mild bullishness, possible continuation",decreasing,61.90572369984836,469.69487398606714,440.40749999999997,411.1201260139328,13.820399536203865,14.603396414871918,-0.7829968786680528,95741.0,8.41,216.0
123,17-Oct-2025,Yes,No,HINDUNILVR,2605.0,increasing,Above BBHi,increasing,Broke BBHi (Strong upside momentum/breakout/overbought,increasing,60.11163442179342,2586.4214343177487,2531.5950000000003,2476.768565682252,-7.3927253283814025,-15.03917265268379,7.646447324302388,612070.0,57.8,209.0
124,17-Oct-2025,Yes,No,HINDZINC,500.0,decreasing,Close but ABOVE Mid,decreasing,Pullback in ongoing uptrend,decreasing,60.68209588906529,525.47012265494,483.89,442.30987734505993,18.104860859965868,17.019460977634445,1.0853998823314228,211413.0,20.8,31.4
125,17-Oct-2025,No,No,HSCL,457.0,decreasing,Close but BELOW Mid,decreasing,Below SMA - Bearish to neutral — still under pressure,decreasing,47.103324337369344,474.5660907620372,458.15500000000003,441.74390923796284,0.08428743021676155,-1.4060957938349896,1.4903832240517512,22556.0,36.6,73.9
126,17-Oct-2025,Yes,No,HUDCO,225.0,decreasing,Close but BELOW Mid,decreasing,Below SMA - Bearish to neutral — still under pressure,decreasing,48.4646088412302,238.7763381653349,229.13000000000002,219.48366183466516,2.209621615274102,3.174848361476863,-0.9652267462027608,44972.0,16.2,89.8
127,17-Oct-2025,No,No,HYUNDAI,2347.0,decreasing,Close to BBLo,decreasing,Approaching BBLo. Weakness persisting near support,increasing,35.23242982600648,2830.90845114122,2539.9449999999997,2248.981548858779,-41.43215215012333,-7.178903873835308,-34.25324827628802,190582.0,35.4,194.0
128,17-Oct-2025,Yes,No,ICICIBANK,1437.0,increasing,Above BBHi,increasing,Broke BBHi (Strong upside momentum/breakout/overbought,increasing,68.56802578216809,1424.5252269546995,1381.565,1338.6047730453006,0.34187183862354686,-8.589700596433335,8.931572435056882,1026564.0,21.0,426.0
129,17-Oct-2025,Yes,No,ICICIGI,2002.0,increasing,Close to BBHi,increasing,Aproaching BBHi/nearing overbought zone,increasing,64.15281542294701,2002.4681568259928,1904.2350000000001,1806.0018431740075,21.556403042497777,6.548012496840552,15.008390545657225,99640.0,35.6,322.0
130,17-Oct-2025,Yes,No,ICICIPRULI,597.0,decreasing,Close but BELOW Mid,decreasing,Below SMA - Bearish to neutral — still under pressure,decreasing,47.87266720532691,607.821366398096,596.1225000000001,584.4236336019042,-4.530236298466889,-4.782894082602146,0.2526577841352573,86373.0,65.8,88.0
131,17-Oct-2025,Yes,No,IDEA,8.7,increasing,Close but ABOVE Mid,increasing,"Above SMA, Mild bullishness, possible continuation",decreasing,55.58642112427737,9.252648287337248,8.633,8.01335171266275,0.37502823784507733,0.43146594967976887,-0.05643771183469154,94258.0,0.0,-9.78
132,17-Oct-2025,Yes,No,IDFCFIRSTB,71.9,decreasing,Close but ABOVE Mid,decreasing,Pullback in ongoing uptrend,decreasing,51.66696586090708,74.55914402806556,71.2585,67.95785597193444,0.5563274522420727,0.42725256228077807,0.12907488996129463,58580.0,44.8,52.6
133,17-Oct-2025,Yes,Yes,IEX,134.0,decreasing,Close to BBLo,decreasing,Approaching BBLo. Weakness persisting near support,decreasing,32.37255683058049,147.44403186817388,140.08950000000002,132.73496813182615,-3.0935022917755077,-2.539027710245115,-0.5544745815303926,11959.0,27.5,12.3
134,17-Oct-2025,No,No,IFCI,54.6,decreasing,Close but BELOW Mid,decreasing,Below SMA - Bearish to neutral — still under pressure,decreasing,44.8493677453911,60.0053641658517,56.352999999999994,52.70063583414829,0.0713429506989911,0.33622243124197887,-0.26487948054298777,14727.0,73.9,6.44
135,17-Oct-2025,No,No,IGIL,336.0,increasing,Close to BBLo,decreasing,Approaching BBLo. Weakness persisting near support,increasing,40.10839504648198,371.2537020744769,351.415,331.57629792552314,-5.762966260959672,-4.134064444523755,-1.628901816435917,14517.0,29.3,54.6
136,17-Oct-2025,Yes,No,IGL,208.0,decreasing,Close but BELOW Mid,decreasing,Below SMA - Bearish to neutral — still under pressure,decreasing,44.63445975340859,220.63436672984113,211.2775,201.92063327015887,0.8418073747887718,1.1637794660477796,-0.32197209125900783,29148.0,20.5,66.3
137,17-Oct-2025,Yes,No,IIFL,498.0,increasing,Close to BBHi,increasing,Aproaching BBHi/nearing overbought zone,decreasing,64.0618107942395,517.3442176351298,467.6674999999999,417.9907823648701,15.1499556845352,10.244476424112552,4.9054792604226485,21187.0,70.6,153.0
138,17-Oct-2025,No,No,IKS,1507.0,increasing,Close but BELOW Mid,increasing,Gradual recovery toward mean,decreasing,45.8331266358457,1559.3193107876411,1514.105,1468.890689212359,-8.410081444844536,-10.672471258154854,2.2623898133103175,25816.0,66.6,71.5
139,17-Oct-2025,Yes,No,INDHOTEL,735.0,increasing,Close but ABOVE Mid,increasing,"Above SMA, Mild bullishness, possible continuation",increasing,46.566906680453656,765.445450060397,734.005,702.564549939603,-9.373970205341948,-10.945034207340047,1.5710640019980993,104708.0,71.7,79.1
140,17-Oct-2025,Yes,No,INDIANB,782.0,increasing,Close to BBHi,increasing,Aproaching BBHi/nearing overbought zone,decreasing,69.63237977970368,805.0927862987351,745.2775,685.462213701265,28.48894021647186,27.386069595892504,1.1028706205793561,105298.0,8.92,559.0
141,17-Oct-2025,Yes,Yes,INDIGO,5848.0,increasing,Close to BBHi,increasing,Aproaching BBHi/nearing overbought zone,increasing,58.12339558017228,5880.1776038374965,5711.675,5543.172396162504,24.487673199027995,-6.928063492449731,31.415736691477726,226206.0,33.8,241.0
142,17-Oct-2025,Yes,No,INDUSINDBK,751.0,increasing,Close but ABOVE Mid,increasing,"Above SMA, Mild bullishness, possible continuation",decreasing,51.0881025019199,765.5688031773748,743.0175,720.4661968226253,-2.834470215245574,-5.109280528454281,2.2748103132087074,58528.0,49.8,828.0
143,17-Oct-2025,Yes,No,INDUSTOWER,343.0,increasing,Close to BBLo,increasing,"weak, possibly rebounding (early reversal possible)",decreasing,42.73918418865897,363.0904491325517,351.15749999999997,339.2245508674482,-2.2440934016726146,-0.9955608574994836,-1.248532544173131,92463.0,9.5,121.0
144,17-Oct-2025,Yes,No,INFY,1441.0,decreasing,Close to BBLo,decreasing,Approaching BBLo. Weakness persisting near support,decreasing,39.84349308415242,1533.6296918171167,1478.2649999999999,1422.900308182883,-6.725146975732059,-4.946137328531982,-1.779009647200077,598183.0,22.3,223.0
145,17-Oct-2025,Yes,No,INOXWIND,146.0,decreasing,Close but ABOVE Mid,decreasing,Pullback in ongoing uptrend,decreasing,51.08251966063011,153.89248746319686,144.71949999999998,135.5465125368031,0.06987595766787535,-0.6852152572264896,0.7550912148943649,25326.0,61.6,32.6
146,17-Oct-2025,Yes,No,IOC,153.0,decreasing,Close but ABOVE Mid,increasing,"Above SMA, Mild bullishness, possible continuation",decreasing,59.85528705865223,157.5136169714044,151.137,144.7603830285956,3.0367004827199366,3.12543058346012,-0.08873010074018328,215956.0,14.9,127.0
147,17-Oct-2025,No,No,IRB,42.8,increasing,Close but ABOVE Mid,increasing,"Above SMA, Mild bullishness, possible continuation",increasing,51.590363668189795,43.855938780688426,42.247,40.638061219311574,-0.23392169672418817,-0.4482558622102789,0.21433416548609074,25865.0,29.6,24.3
148,17-Oct-2025,No,No,IRCON,169.0,decreasing,Close to BBLo,decreasing,Approaching BBLo. Weakness persisting near support,decreasing,42.04762459163618,184.06615956827173,175.142,166.21784043172826,-0.702377057675335,0.059211641543896965,-0.761588699219232,15905.0,22.4,66.3
149,17-Oct-2025,Yes,Yes,IRCTC,719.0,increasing,Close but ABOVE Mid,increasing,"Above SMA, Mild bullishness, possible continuation",increasing,53.23531262140757,731.1938120436058,712.8725,694.5511879563941,-2.00312317020871,-3.6877805624384927,1.684657392229783,57532.0,44.0,45.8
150,17-Oct-2025,Yes,No,IREDA,151.0,decreasing,Close but BELOW Mid,decreasing,Below SMA - Bearish to neutral — still under pressure,increasing,49.63706911183962,159.26223689805207,152.238,145.21376310194793,0.6976583419846918,0.6417934390114832,0.05586490297320856,42442.0,24.6,46.0
151,17-Oct-2025,Yes,No,IRFC,124.0,decreasing,Close to BBLo,decreasing,Approaching BBLo. Weakness persisting near support,decreasing,43.69953159289299,128.88116517531523,125.37950000000001,121.87783482468478,-0.5151349201899791,-0.3940232512640861,-0.12111166892589298,161552.0,23.6,43.0
152,17-Oct-2025,Yes,No,ITC,412.0,increasing,Above BBHi,increasing,Broke BBHi (Strong upside momentum/breakout/overbought,increasing,59.395210085596524,410.9126439526083,403.09749999999997,395.28235604739166,-1.4649616819072548,-2.42900076597382,0.9640390840665654,516462.0,26.1,54.3
153,17-Oct-2025,No,No,ITCHOTELS,217.0,increasing,Close but BELOW Mid,increasing,Gradual recovery toward mean,increasing,40.426880777761966,239.37820120151085,222.333,205.28779879848915,-6.85514685271491,-6.661522379805737,-0.19362447290917295,45158.0,70.3,53.1
154,17-Oct-2025,No,No,JBCHEPHARM,1691.0,increasing,Close but ABOVE Mid,increasing,"Above SMA, Mild bullishness, possible continuation",increasing,52.96671925837397,1725.2478181524978,1682.825,1640.4021818475023,-9.662559595556104,-11.011617445296801,1.3490578497406975,26491.0,39.1,217.0
155,17-Oct-2025,No,No,JBMA,648.0,increasing,Close to BBLo,increasing,"weak, possibly rebounding (early reversal possible)",increasing,44.04465156971519,742.5758760435123,680.9525,619.3291239564877,-4.965376880324243,1.2297618113557536,-6.195138691679997,15306.0,116.0,49.0
156,17-Oct-2025,No,No,JINDALSAW,191.0,decreasing,Below BBLo,decreasing,Broke BBLo (strong dwnside momentum/oversold),decreasing,33.25147639340075,216.8438978346855,205.30750000000003,193.77110216531457,-2.8678187115314415,-1.6686641942097462,-1.1991545173216953,12190.0,8.74,192.0
157,17-Oct-2025,Yes,No,JINDALSTEL,1008.0,increasing,Close to BBLo,increasing,"weak, possibly rebounding (early reversal possible)",increasing,45.038598574252774,1081.8058490280455,1036.165,990.5241509719544,-3.5175724536459256,3.4627194746090075,-6.980291928254934,102810.0,21.3,488.0
158,17-Oct-2025,Yes,No,JIOFIN,309.0,increasing,Close but ABOVE Mid,increasing,"Above SMA, Mild bullishness, possible continuation",increasing,50.773007512145014,318.92141367352485,306.0575,293.19358632647516,-0.86117384698656,-2.2406874555186405,1.3795136085320805,196507.0,281.0,45.9
159,17-Oct-2025,Yes,No,JSWENERGY,541.0,decreasing,Close but ABOVE Mid,decreasing,Pullback in ongoing uptrend,decreasing,53.17253667121565,553.9954073405931,539.2425000000001,524.489592659407,5.872141995070024,5.780039609427987,0.0921023856420371,94511.0,83.7,127.0
160,17-Oct-2025,Yes,No,JSWSTEEL,1163.0,increasing,Close but ABOVE Mid,increasing,"Above SMA, Mild bullishness, possible continuation",decreasing,59.66812402978399,1182.171992903467,1149.48,1116.788007096533,21.95050547771575,23.537106583012545,-1.5866011052967934,284540.0,37.5,341.0
161,17-Oct-2025,Yes,No,JUBLFOOD,593.0,increasing,Close to BBLo,increasing,"weak, possibly rebounding (early reversal possible)",increasing,37.846978962387645,637.7823232665173,609.615,581.4476767334827,-13.709269642641289,-11.896743099088559,-1.81252654355273,39142.0,173.0,34.4
162,17-Oct-2025,No,No,JWL,319.0,decreasing,Close to BBLo,decreasing,Approaching BBLo. Weakness persisting near support,decreasing,36.33467968267867,346.0583415012753,332.45500000000004,318.85165849872476,-3.4684943382762867,-1.46395622819928,-2.0045381100770068,13548.0,42.8,64.8
163,17-Oct-2025,No,No,JYOTICNC,923.0,increasing,Close but ABOVE Mid,increasing,"Above SMA, Mild bullishness, possible continuation",decreasing,50.791191085798665,971.4667403106607,911.9649999999999,852.4632596893391,-1.7285321797361348,-4.948009807702408,3.219477627966273,20998.0,61.6,90.8
164,17-Oct-2025,No,No,KAJARIACER,1248.0,increasing,Close to BBHi,increasing,Aproaching BBHi/nearing overbought zone,decreasing,56.748570978482725,1263.3805499315847,1210.01,1156.6394500684153,8.777681950979058,2.2375417556313275,6.540140195347731,19860.0,60.3,174.0
165,17-Oct-2025,Yes,No,KALYANKJIL,490.0,increasing,Close but ABOVE Mid,increasing,"Above SMA, Mild bullishness, possible continuation",increasing,50.71263574186978,511.69956851074755,479.5075,447.31543148925243,-8.030673499509987,-11.308256997068636,3.2775834975586484,50580.0,64.8,46.3
166,17-Oct-2025,No,No,KARURVYSYA,227.0,increasing,Close to BBHi,increasing,Aproaching BBHi/nearing overbought zone,decreasing,62.32836813085167,230.82108267160348,217.467,204.11291732839655,4.053294193699941,2.741735446173982,1.3115587475259587,21986.0,11.0,123.0
167,17-Oct-2025,Yes,No,KAYNES,7019.0,increasing,Close but BELOW Mid,increasing,Gradual recovery toward mean,increasing,49.52609827222505,7580.205079968222,7173.95,6767.694920031778,55.61220138279714,130.1075332442427,-74.49533186144555,47050.0,219.0,413.0
168,17-Oct-2025,No,No,KEC,846.0,decreasing,Close to BBLo,decreasing,Approaching BBLo. Weakness persisting near support,decreasing,44.710848196810865,883.0415408313285,859.2975,835.5534591686716,-0.9040306033580237,1.3357891196747782,-2.239819723032802,22516.0,68.5,191.0
169,17-Oct-2025,Yes,No,KEI,4130.0,decreasing,Close but BELOW Mid,decreasing,Below SMA - Bearish to neutral — still under pressure,decreasing,48.307985431009044,4392.483217554373,4175.535,3958.586782445626,70.39622478522233,73.59724458644581,-3.201019801223481,39438.0,49.9,648.0
170,17-Oct-2025,Yes,Yes,KFINTECH,1124.0,increasing,Close to BBHi,increasing,Aproaching BBHi/nearing overbought zone,increasing,56.674863805756104,1150.782952028509,1084.035,1017.287047971491,5.058832291980252,-4.706224047422705,9.765056339402957,19368.0,58.0,81.4
171,17-Oct-2025,Yes,No,KOTAKBANK,2206.0,increasing,Close to BBHi,increasing,Aproaching BBHi/nearing overbought zone,decreasing,74.87553531675924,2231.920298192657,2091.91,1951.8997018073428,53.2638516109314,40.16216017431567,13.101691436615724,438524.0,32.5,590.0
172,17-Oct-2025,No,No,KPIL,1261.0,decreasing,Close to BBHi,decreasing,Pullback near resistance or profit booking,increasing,53.52579840086467,1280.0015931354856,1255.05,1230.0984068645143,5.062865309090284,3.7600578161338394,1.302807492956445,21551.0,28.5,421.0
173,17-Oct-2025,Yes,No,KPITTECH,1144.0,decreasing,Close but BELOW Mid,decreasing,Below SMA - Bearish to neutral — still under pressure,increasing,38.79757194403543,1281.9515267847476,1185.6699999999998,1089.3884732152521,-24.414444756489047,-22.334331905322813,-2.080112851166234,31369.0,49.4,71.2
174,17-Oct-2025,No,No,LALPATHLAB,3104.0,decreasing,Close but BELOW Mid,decreasing,Below SMA - Bearish to neutral — still under pressure,increasing,43.79703795907146,3402.189140025117,3193.855,2985.520859974883,-36.162098222525856,-31.439627529111515,-4.722470693414341,25997.0,50.2,255.0
175,17-Oct-2025,Yes,No,LAURUSLABS,901.0,increasing,Close but ABOVE Mid,increasing,"Above SMA, Mild bullishness, possible continuation",increasing,59.40271986493291,926.54682778933,876.3025000000001,826.0581722106703,1.8509165431636347,0.11925127341229147,1.7316652697513433,48641.0,95.5,84.6
176,17-Oct-2025,Yes,No,LICHSGFIN,568.0,increasing,Close but BELOW Mid,increasing,Gradual recovery toward mean,increasing,48.53379360316561,589.1302731617951,572.3475,555.5647268382048,-0.9376091565414981,-0.5251082334926069,-0.4125009230488912,31233.0,5.69,659.0
177,17-Oct-2025,Yes,No,LICI,886.0,decreasing,Close to BBLo,decreasing,Approaching BBLo. Weakness persisting near support,decreasing,44.44381462892901,913.7783776366473,896.975,880.1716223633528,1.9218776832382218,3.2211247749248555,-1.2992470916866337,559828.0,11.5,200.0
178,17-Oct-2025,Yes,No,LODHA,1186.0,increasing,Close but ABOVE Mid,increasing,"Above SMA, Mild bullishness, possible continuation",increasing,54.21082071775246,1219.5822046136263,1158.55,1097.5177953863736,-10.971509579321037,-20.677121221391122,9.705611642070085,118482.0,50.7,192.0
179,17-Oct-2025,Yes,No,LT,3839.0,increasing,Close to BBHi,increasing,Aproaching BBHi/nearing overbought zone,increasing,66.2627608774082,3856.2709874765947,3728.4700000000003,3600.669012523406,61.43479602891421,48.80293864740043,12.631857381513775,528117.0,47.9,523.0
180,17-Oct-2025,Yes,No,LTF,266.0,decreasing,Close to BBHi,increasing,Aproaching BBHi/nearing overbought zone,increasing,63.91400418090049,274.48414358165223,255.54449999999997,236.60485641834768,11.10621135717011,10.819235082864871,0.2869762743052391,66681.0,25.0,104.0
181,17-Oct-2025,Yes,No,LTIM,5605.0,increasing,Close to BBHi,increasing,Aproaching BBHi/nearing overbought zone,increasing,67.49503029619954,5682.196139116804,5334.075,4985.953860883195,103.5940369135933,61.248777550774406,42.345259362818894,166210.0,34.6,758.0
182,17-Oct-2025,Yes,No,LUPIN,1936.0,increasing,Close but BELOW Mid,increasing,Gradual recovery toward mean,increasing,46.85194671472259,2030.194180229114,1958.33,1886.465819770886,-7.401014538167146,-5.210810103601884,-2.1902044345652625,88455.0,16.8,532.0
183,17-Oct-2025,Yes,No,M&M,3647.0,increasing,Above BBHi,increasing,Broke BBHi (Strong upside momentum/breakout/overbought,increasing,65.68660641897873,3640.964192760113,3498.8599999999997,3356.7558072398865,27.114680698580287,18.588888281524717,8.52579241705557,453508.0,34.0,495.0
184,17-Oct-2025,No,No,M&MFIN,301.0,increasing,Above BBHi,increasing,Broke BBHi (Strong upside momentum/breakout/overbought,increasing,71.32780796203494,297.51126985794,283.3875,269.26373014205996,6.713272808626925,5.170512506580264,1.542760302046661,41838.0,17.7,143.0
185,17-Oct-2025,Yes,No,MANAPPURAM,284.0,decreasing,Close but BELOW Mid,increasing,Gradual recovery toward mean,decreasing,48.25320809649383,296.1774024961278,286.91499999999996,277.65259750387213,1.8417425455666034,2.911692987174244,-1.0699504416076406,24043.0,13.8,139.0
186,17-Oct-2025,Yes,No,MANKIND,2478.0,increasing,Close but BELOW Mid,increasing,Gradual recovery toward mean,increasing,47.02324170018441,2603.4113622559676,2486.665,2369.9186377440324,-27.42781233009464,-27.017309287896666,-0.4105030421979734,102317.0,56.5,355.0
187,17-Oct-2025,Yes,No,MARICO,735.0,increasing,Above BBHi,increasing,Broke BBHi (Strong upside momentum/breakout/overbought,increasing,63.92082502952969,729.5655128702456,711.2674999999999,692.9694871297543,0.7483672636317351,-2.1503130692858354,2.8986803329175705,95274.0,47.5,36.8
188,17-Oct-2025,Yes,No,MARUTI,16392.0,increasing,Close to BBHi,increasing,Aproaching BBHi/nearing overbought zone,increasing,69.41296268768826,16463.234847621112,16111.4,15759.56515237889,418.0434047354847,471.4493280620391,-53.40592332655439,515445.0,36.8,2991.0
189,17-Oct-2025,Yes,No,MAXHEALTH,1202.0,increasing,Above BBHi,increasing,Broke BBHi (Strong upside momentum/breakout/overbought,increasing,60.77239153414644,1198.575403875762,1142.865,1087.154596124238,-1.030447158526158,-11.790822863499999,10.76037570497384,116907.0,153.0,85.3
190,17-Oct-2025,Yes,No,MAZDOCK,2816.0,increasing,Close but BELOW Mid,increasing,Gradual recovery toward mean,increasing,47.3634750588244,2991.5933169681152,2864.97,2738.3466830318844,-0.8194378388843688,7.1660974352335405,-7.985535274117909,113590.0,54.7,178.0
191,17-Oct-2025,Yes,Yes,MCX,9328.0,decreasing,Close to BBHi,decreasing,Pullback near resistance or profit booking,increasing,73.7972697231257,9550.304400139494,8418.875,7287.445599860507,434.27811029372424,282.97804992731335,151.3000603664109,47604.0,96.9,378.0
192,17-Oct-2025,Yes,No,MFSL,1547.0,decreasing,Close to BBLo,decreasing,Approaching BBLo. Weakness persisting near support,decreasing,42.232582423987864,1627.2151516140564,1581.375,1535.5348483859436,-1.1074098035360294,2.137636386237793,-3.2450461897738223,53443.0,0.0,195.0
193,17-Oct-2025,No,No,MGL,1282.0,decreasing,Close but BELOW Mid,decreasing,Below SMA - Bearish to neutral — still under pressure,decreasing,46.00725057522635,1335.131896405532,1290.395,1245.658103594468,-4.173257637914958,-6.531244616673764,2.357986978758806,12672.0,11.7,596.0
194,17-Oct-2025,Yes,Yes,MOTHERSON,105.0,decreasing,Close but BELOW Mid,decreasing,Below SMA - Bearish to neutral — still under pressure,increasing,50.980736149507905,110.72213453547117,106.0365,101.35086546452884,0.9120232293331583,1.2851017330394858,-0.37307850370632756,110526.0,62.6,35.5
195,17-Oct-2025,No,No,MOTILALOFS,1001.0,decreasing,Close to BBHi,increasing,Aproaching BBHi/nearing overbought zone,decreasing,63.24245672357385,1028.083375833717,951.3275000000001,874.5716241662834,26.80514682930061,17.605883263156663,9.199263566143948,60051.0,42.8,119.0
196,17-Oct-2025,Yes,No,MPHASIS,2694.0,decreasing,Close but BELOW Mid,decreasing,Below SMA - Bearish to neutral — still under pressure,decreasing,40.705378008820055,2914.2649789764964,2761.46,2608.6550210235037,-22.135507078932278,-19.405486874752217,-2.730020204180061,51231.0,36.2,331.0
197,17-Oct-2025,No,No,MRF,155638.0,decreasing,Close but ABOVE Mid,decreasing,Pullback in ongoing uptrend,decreasing,58.50265141326108,159959.9371565313,152948.5,145937.0628434687,2483.443357765209,2227.3177364571156,256.1256213080933,65961.0,37.8,42856.0
198,17-Oct-2025,No,No,MRPL,141.0,decreasing,Close but ABOVE Mid,decreasing,Pullback in ongoing uptrend,decreasing,56.50747325635626,152.62246490848898,138.0,123.37753509151102,4.215267570660302,4.201971410676733,0.013296159983569034,24684.0,23.9,75.8
199,17-Oct-2025,Yes,No,MUTHOOTFIN,3341.0,increasing,Close to BBHi,increasing,Aproaching BBHi/nearing overbought zone,increasing,73.52526275696826,3361.464983017069,3154.6400000000003,2947.815016982932,124.90280145547786,122.38304716749417,2.5197542879836874,134147.0,21.7,734.0
200,17-Oct-2025,No,No,NATCOPHARM,826.0,increasing,Close but BELOW Mid,increasing,Gradual recovery toward mean,increasing,46.64199177932725,873.9781446512245,827.7125,781.4468553487754,-13.292221565922205,-16.41216216646866,3.1199406005464567,14800.0,8.82,409.0
201,17-Oct-2025,Yes,No,NATIONALUM,225.0,increasing,Close but ABOVE Mid,increasing,"Above SMA, Mild bullishness, possible continuation",decreasing,63.01417989177467,234.07705627746682,216.84099999999998,199.60494372253314,7.447891202907499,7.100407094086199,0.3474841088213001,41432.0,7.16,98.2
202,17-Oct-2025,Yes,No,NAUKRI,1331.0,increasing,Close but BELOW Mid,increasing,Gradual recovery toward mean,increasing,44.49310923650109,1409.8435408851503,1351.1699999999998,1292.4964591148494,-10.31270209249351,-8.983833931358726,-1.3288681611347837,86353.0,106.0,428.0
203,17-Oct-2025,No,No,NAVINFLUOR,5111.0,increasing,Above BBHi,increasing,Broke BBHi (Strong upside momentum/breakout/overbought,increasing,67.76782827882172,5036.303012726437,4722.155000000001,4408.006987273564,50.082681289536595,-15.167814375103308,65.2504956646399,26205.0,86.0,530.0
204,17-Oct-2025,Yes,No,NBCC,111.0,increasing,Close but ABOVE Mid,increasing,"Above SMA, Mild bullishness, possible continuation",decreasing,52.943139470720034,115.79357541198222,111.0065,106.21942458801779,1.3998498532460815,1.4423078697922798,-0.042458016546198296,30083.0,52.4,8.62
205,17-Oct-2025,Yes,No,NCC,206.0,increasing,Close but BELOW Mid,increasing,Gradual recovery toward mean,increasing,45.099756336655915,215.71800975157348,209.1165,202.51499024842653,-1.2773652007727776,-1.3911722591861353,0.1138070584133577,12964.0,16.7,118.0
206,17-Oct-2025,Yes,No,NESTLEIND,1290.0,increasing,Above BBHi,increasing,Broke BBHi (Strong upside momentum/breakout/overbought,increasing,73.65550494175523,1259.1115058526493,1189.25,1119.3884941473507,18.806585251256365,6.444539519156279,12.362045732100086,248666.0,83.1,23.7
207,17-Oct-2025,No,No,NEULANDLAB,16302.0,decreasing,Close to BBHi,decreasing,Pullback near resistance or profit booking,decreasing,62.15626034645505,16797.896645354278,15448.65,14099.403354645721,529.4983331572221,471.8654744102035,57.63285874701859,20934.0,160.0,1183.0
208,17-Oct-2025,No,No,NEWGEN,876.0,increasing,Close but BELOW Mid,increasing,Gradual recovery toward mean,increasing,46.1137238547463,912.9211790485983,883.3125,853.7038209514017,-8.30333986052483,-8.094708031875802,-0.20863182864902718,12415.0,41.4,99.8
209,17-Oct-2025,No,No,NH,1754.0,increasing,Close but ABOVE Mid,increasing,"Above SMA, Mild bullishness, possible continuation",decreasing,47.21304183590061,1795.6023950072868,1753.6649999999997,1711.7276049927127,-9.672670661506572,-12.517001316819082,2.8443306553125094,35858.0,83.0,107.0
210,17-Oct-2025,Yes,No,NHPC,86.8,increasing,Close but ABOVE Mid,increasing,"Above SMA, Mild bullishness, possible continuation",increasing,55.464891401429085,88.18147996554042,86.4345,84.68752003445958,0.9235003622846847,1.0343165525121316,-0.11081619022744693,87161.0,27.8,38.2
211,17-Oct-2025,Yes,No,NMDC,74.9,decreasing,Close to BBLo,decreasing,Approaching BBLo. Weakness persisting near support,decreasing,46.27018615012321,78.37466816225839,76.48949999999999,74.6043318377416,0.6745542040964096,1.0405141955162964,-0.3659599914198868,65825.0,9.86,33.6
212,17-Oct-2025,Yes,No,NTPC,341.0,increasing,Close but ABOVE Mid,increasing,"Above SMA, Mild bullishness, possible continuation",increasing,54.92762191978452,345.45789695293695,339.85249999999996,334.247103047063,1.6632426539605376,1.7423051442789559,-0.07906249031841828,330705.0,16.6,167.0
213,17-Oct-2025,No,No,NTPCGREEN,100.0,increasing,Close but ABOVE Mid,increasing,"Above SMA, Mild bullishness, possible continuation",increasing,47.78730067264026,103.89100467513428,99.72,95.54899532486571,-1.1007024397747784,-1.3989113256729049,0.29820888589812644,84331.0,161.0,21.9
214,17-Oct-2025,Yes,No,NUVAMA,7015.0,decreasing,Close but ABOVE Mid,decreasing,Pullback in ongoing uptrend,decreasing,58.74555350808988,7567.589312201302,6706.8,5846.010687798698,192.39332269712122,121.57320284308686,70.82011985403436,25304.0,32.8,538.0
215,17-Oct-2025,Yes,No,NYKAA,261.0,increasing,Close but ABOVE Mid,increasing,"Above SMA, Mild bullishness, possible continuation",decreasing,62.26798303670256,273.77901672321457,249.023,224.26698327678545,8.918056390203617,8.031043331536342,0.8870130586672751,74739.0,1097.0,5.8
216,17-Oct-2025,Yes,No,OBEROIRLTY,1695.0,increasing,Above BBHi,increasing,Broke BBHi (Strong upside momentum/breakout/overbought,increasing,62.92923387621476,1696.2893948458889,1618.355,1540.4206051541112,-0.18488052154657453,-11.913457489002296,11.728576967455721,61636.0,34.8,418.0
217,17-Oct-2025,Yes,No,OFSS,8741.0,decreasing,Close but BELOW Mid,decreasing,Below SMA - Bearish to neutral — still under pressure,decreasing,46.29829379987765,9473.001642955267,8941.375,8409.748357044733,43.4880611795943,84.38881975498897,-40.900758575394676,75996.0,22.3,871.0
218,17-Oct-2025,Yes,No,OIL,410.0,decreasing,Close but BELOW Mid,decreasing,Below SMA - Bearish to neutral — still under pressure,decreasing,46.793750049534154,424.64718174911087,414.0425,403.43781825088917,2.654090835600698,2.762151630527847,-0.10806079492714904,66634.0,12.2,279.0
219,17-Oct-2025,No,No,OLAELEC,57.1,increasing,Close but ABOVE Mid,increasing,"Above SMA, Mild bullishness, possible continuation",increasing,58.799850552355615,59.85331154421014,54.24400000000001,48.63468845578987,-0.33758412896380463,-0.365898716371692,0.028314587407887393,25259.0,0.0,25.0
220,17-Oct-2025,Yes,No,ONGC,248.0,increasing,Close to BBHi,increasing,Aproaching BBHi/nearing overbought zone,increasing,64.09756414861252,249.972537753251,242.42349999999996,234.87446224674892,3.2158603692697625,2.6236864152451895,0.592173954024573,311601.0,8.98,251.0
221,17-Oct-2025,Yes,No,PAGEIND,41000.0,increasing,Close but BELOW Mid,increasing,Gradual recovery toward mean,increasing,38.53407535422617,43603.41410680756,41791.25,39979.08589319244,-1028.8661753437627,-1020.8976383353321,-7.968537008430644,45743.0,59.8,1262.0
222,17-Oct-2025,Yes,No,PATANJALI,590.0,increasing,Close but BELOW Mid,increasing,Gradual recovery toward mean,increasing,45.380491974366365,608.2490052596721,592.7774999999999,577.3059947403277,-3.219146322359734,-2.703070373152927,-0.5160759492068068,64193.0,52.7,105.0
223,17-Oct-2025,Yes,No,PAYTM,1285.0,increasing,Close to BBHi,increasing,Aproaching BBHi/nearing overbought zone,increasing,65.59770002335051,1308.5391455275603,1202.085,1095.6308544724398,27.084945413873356,16.597085941351132,10.487859472522224,82186.0,0.0,202.0
224,17-Oct-2025,No,No,PCBL,362.0,decreasing,Close to BBLo,decreasing,Approaching BBLo. Weakness persisting near support,decreasing,36.10822831418309,405.2158426657445,383.4875,361.7591573342555,-3.9187965946940153,-2.1986539907188383,-1.720142603975177,13661.0,38.1,103.0
225,17-Oct-2025,Yes,No,PERSISTENT,5747.0,increasing,Close to BBHi,increasing,Aproaching BBHi/nearing overbought zone,increasing,66.56949949584825,5815.543597646313,5269.8099999999995,4724.076402353686,106.90581339105393,18.684318839967045,88.22149455108688,90669.0,62.1,423.0
226,17-Oct-2025,Yes,No,PETRONET,276.0,decreasing,Close but BELOW Mid,decreasing,Below SMA - Bearish to neutral — still under pressure,decreasing,45.749755596565016,287.2610034020844,277.855,268.44899659791565,0.19967815430754854,0.31623240588684676,-0.11655425157929822,41415.0,11.4,129.0
227,17-Oct-2025,Yes,Yes,PFC,396.0,decreasing,Close to BBLo,decreasing,Approaching BBLo. Weakness persisting near support,decreasing,43.45073047163532,415.3361245559981,405.46500000000003,395.593875444002,-0.7332394166053859,0.3885867969050056,-1.1218262135103916,130800.0,7.21,276.0
228,17-Oct-2025,Yes,No,PGEL,588.0,increasing,Close to BBHi,increasing,Aproaching BBHi/nearing overbought zone,decreasing,60.26959760238615,602.7532818976935,544.725,486.6967181023066,-0.36835571876781614,-10.733454561852678,10.365098843084862,16695.0,170.0,89.4
229,17-Oct-2025,Yes,No,PHOENIXLTD,1680.0,increasing,Close to BBHi,increasing,Aproaching BBHi/nearing overbought zone,increasing,69.80361150569568,1693.821075814298,1605.19,1516.5589241857022,34.3195318907683,23.54238326945295,10.777148621315352,60072.0,208.0,149.0
230,17-Oct-2025,Yes,No,PIDILITIND,1542.0,increasing,Above BBHi,increasing,Broke BBHi (Strong upside momentum/breakout/overbought,increasing,60.3325091854548,1540.1676825687277,1498.4025,1456.637317431272,-0.8924954303656705,-7.200606987816369,6.308111557450698,157035.0,71.8,95.1
231,17-Oct-2025,Yes,No,PIIND,3579.0,increasing,Close but BELOW Mid,increasing,Gradual recovery toward mean,increasing,44.773558969159076,3695.607370608855,3575.405,3455.2026293911454,-57.55789518654501,-68.51494479542244,10.957049608877426,54291.0,29.6,679.0
232,17-Oct-2025,Yes,No,PNB,114.0,decreasing,Close but ABOVE Mid,decreasing,Pullback in ongoing uptrend,decreasing,53.68781311521554,118.2007077191092,113.55250000000001,108.90429228089081,2.295104579724054,2.3411300843432845,-0.046025504619230606,130686.0,8.68,115.0
233,17-Oct-2025,Yes,No,PNBHOUSING,839.0,decreasing,Close to BBLo,decreasing,Approaching BBLo. Weakness persisting near support,decreasing,43.319234720173775,908.8704685753371,870.2225000000001,831.5745314246631,-0.059476815001175964,5.750343570896065,-5.809820385897241,21835.0,10.7,648.0
234,17-Oct-2025,Yes,No,POLICYBZR,1648.0,decreasing,Close to BBLo,decreasing,Approaching BBLo. Weakness persisting near support,decreasing,35.47726699017642,1815.1135267387147,1725.5849999999998,1636.056473261285,-34.18227047319169,-29.126057586402876,-5.056212886788817,75683.0,0.0,173.0
235,17-Oct-2025,Yes,No,POLYCAB,7440.0,decreasing,Close but BELOW Mid,decreasing,Below SMA - Bearish to neutral — still under pressure,decreasing,48.967376090879846,7801.498546507731,7526.3,7251.10145349227,109.92370005635075,127.76898121534728,-17.845281158996528,111969.0,46.2,697.0
236,17-Oct-2025,No,No,POONAWALLA,526.0,decreasing,Close but ABOVE Mid,increasing,"Above SMA, Mild bullishness, possible continuation",decreasing,59.73863145229151,553.5257769186749,513.3225,473.11922308132506,22.466793657064954,22.461195685744833,0.005597971320121076,40991.0,0.0,104.0
237,17-Oct-2025,Yes,Yes,POWERGRID,290.0,increasing,Close but ABOVE Mid,increasing,"Above SMA, Mild bullishness, possible continuation",increasing,54.144231972620645,294.04882454483464,286.765,279.4811754551653,1.184643720843269,0.5404025780908562,0.6442411427524127,269531.0,17.3,99.2
238,17-Oct-2025,Yes,No,POWERINDIA,17390.0,increasing,Close to BBLo,decreasing,Approaching BBLo. Weakness persisting near support,increasing,35.51095510032789,19571.456639420267,18240.2,16908.943360579735,-571.6088700707041,-516.5160021241256,-55.09286794657851,77572.0,154.0,945.0
239,17-Oct-2025,Yes,No,PPLPHARMA,193.0,increasing,Close but BELOW Mid,increasing,Gradual recovery toward mean,decreasing,45.08788426218774,205.3690280154195,196.2535,187.1379719845805,-0.9869269070135545,-0.5087372081076313,-0.4781896989059231,25588.0,35.6,56.2
240,17-Oct-2025,No,No,PREMIERENE,1065.0,increasing,Close to BBHi,increasing,Aproaching BBHi/nearing overbought zone,increasing,59.38016119147428,1069.9224010581056,1035.4325000000001,1000.9425989418946,7.413406531314422,2.639953603335829,4.773452927978592,48215.0,349.0,40.3
241,17-Oct-2025,Yes,No,PRESTIGE,1704.0,increasing,Above BBHi,increasing,Broke BBHi (Strong upside momentum/breakout/overbought,increasing,67.19644754135052,1703.7535984315462,1582.31,1460.8664015684537,23.621235727271596,1.6749359604068141,21.946299766864783,73403.0,729.0,275.0
242,17-Oct-2025,No,No,RADICO,3110.0,increasing,Above BBHi,increasing,Broke BBHi (Strong upside momentum/breakout/overbought,increasing,66.56917795956068,3079.2706148598563,2968.615,2857.9593851401432,38.088331324256615,32.046930684356994,6.041400639899621,41633.0,102.0,201.0
243,17-Oct-2025,No,No,RAMCOCEM,1021.0,increasing,Close but ABOVE Mid,increasing,"Above SMA, Mild bullishness, possible continuation",increasing,49.58807423434979,1055.2151330933127,1013.515,971.8148669066874,-12.085526898405647,-17.690404903118154,5.604878004712507,24147.0,168.0,317.0
244,17-Oct-2025,Yes,No,RBLBANK,300.0,decreasing,Close to BBHi,increasing,Aproaching BBHi/nearing overbought zone,increasing,67.90751222263131,303.9579341173849,281.7575,259.55706588261506,9.878837182387542,7.468051207492522,2.4107859748950204,18389.0,35.1,257.0
245,17-Oct-2025,Yes,No,RECLTD,375.0,increasing,Close but BELOW Mid,increasing,Gradual recovery toward mean,increasing,49.36814544997791,386.4066451868554,376.255,366.10335481314456,-0.7646544960319943,-0.7906224104387284,0.02596791440673407,98733.0,5.9,295.0
246,17-Oct-2025,No,No,REDINGTON,269.0,decreasing,Close to BBLo,decreasing,Approaching BBLo. Weakness persisting near support,decreasing,48.150906144905214,296.17965793611495,278.515,260.850342063885,3.2159747871345985,5.165619958295043,-1.9496451711604443,21018.0,14.1,58.7
247,17-Oct-2025,Yes,No,RELIANCE,1417.0,increasing,Above BBHi,increasing,Broke BBHi (Strong upside momentum/breakout/overbought,increasing,63.16008585502517,1408.0628735857215,1380.835,1353.6071264142786,0.5661380019607805,-3.9237505387060527,4.489888540666833,1917623.0,50.9,401.0
248,17-Oct-2025,No,No,RPOWER,44.6,decreasing,Close but BELOW Mid,decreasing,Below SMA - Bearish to neutral — still under pressure,decreasing,44.54620308070665,48.64138675213629,45.85,43.05861324786371,-0.7398808409402875,-0.7669048159122128,0.027023974971925324,18425.0,0.0,24.2
249,17-Oct-2025,Yes,No,RVNL,332.0,increasing,Close to BBLo,decreasing,Approaching BBLo. Weakness persisting near support,decreasing,40.9645647291157,361.5285833731437,344.87,328.2114166268563,-2.092777692933794,-0.11004696957883314,-1.9827307233549607,69140.0,62.9,41.4
250,17-Oct-2025,No,No,SAGILITY,45.1,increasing,Close but ABOVE Mid,increasing,"Above SMA, Mild bullishness, possible continuation",decreasing,52.40760281527551,46.75647438900345,44.525999999999996,42.29552561099654,0.3104773632835105,0.16726021809908306,0.14321714518442744,21141.0,58.4,21.7
251,17-Oct-2025,Yes,No,SAIL,129.0,increasing,Close to BBLo,decreasing,Approaching BBLo. Weakness persisting near support,decreasing,44.46519713602713,138.47735103537286,133.321,128.16464896462713,0.3352350855479074,1.2747729353019397,-0.9395378497540323,53144.0,18.8,135.0
252,17-Oct-2025,Yes,No,SAMMAANCAP,167.0,increasing,Close but ABOVE Mid,increasing,"Above SMA, Mild bullishness, possible continuation",decreasing,69.33598466051254,179.2700924210676,155.493,131.7159075789324,9.39197577445205,9.076840453359525,0.31513532109252473,13821.0,14.0,275.0
253,17-Oct-2025,Yes,No,SBICARD,927.0,increasing,Close to BBHi,increasing,Aproaching BBHi/nearing overbought zone,decreasing,66.56331348767455,945.4575004635195,898.265,851.0724995364804,23.62788925049972,21.498883412759394,2.1290058377403263,88190.0,47.0,145.0
254,17-Oct-2025,Yes,No,SBILIFE,1844.0,increasing,Close to BBHi,increasing,Aproaching BBHi/nearing overbought zone,increasing,59.19164968681152,1858.3980584157562,1810.5,1762.6019415842438,3.4358024774232945,-3.5430272373942753,6.97882971481757,184934.0,74.3,178.0
255,17-Oct-2025,Yes,No,SBIN,889.0,increasing,Close to BBHi,increasing,Aproaching BBHi/nearing overbought zone,increasing,67.13760873929881,890.8033216488521,870.4475,850.0916783511478,15.956003841258735,15.15959880373544,0.7964050375232947,820787.0,11.2,527.0
256,17-Oct-2025,Yes,No,SHREECEM,29675.0,increasing,Close but ABOVE Mid,increasing,"Above SMA, Mild bullishness, possible continuation",increasing,50.18007390432323,30083.97020434509,29541.75,28999.52979565491,-55.50766575691887,-147.6374263308355,92.12976057391663,107002.0,71.5,5879.0
257,17-Oct-2025,Yes,No,SHRIRAMFIN,677.0,decreasing,Close to BBHi,increasing,Aproaching BBHi/nearing overbought zone,decreasing,66.56658000118637,698.0283090834014,648.3575,598.6866909165985,17.591259612894078,14.636462949784748,2.954796663109329,127314.0,14.5,299.0
258,17-Oct-2025,No,No,SHYAMMETL,919.0,decreasing,Close but BELOW Mid,decreasing,Below SMA - Bearish to neutral — still under pressure,decreasing,46.9293988538056,958.1329759872177,924.6299999999999,891.127024012782,-0.7874582128024485,0.8773023958820094,-1.664760608684458,25648.0,51.9,214.0
259,17-Oct-2025,Yes,Yes,SIEMENS,3123.0,increasing,Close but BELOW Mid,increasing,Gradual recovery toward mean,increasing,44.894757169724286,3299.4044262219327,3168.6050000000005,3037.8055737780683,-18.072218493262426,-7.276619564501178,-10.795598928761247,111382.0,67.4,344.0
260,17-Oct-2025,No,No,SIGNATURE,1067.0,increasing,Close but ABOVE Mid,increasing,"Above SMA, Mild bullishness, possible continuation",increasing,50.62729721545096,1122.9933680974991,1055.435,987.8766319025008,-21.309164703010538,-26.212172910450708,4.90300820744017,14969.0,168.0,66.1
261,17-Oct-2025,Yes,No,SOLARINDS,14037.0,increasing,Close but ABOVE Mid,increasing,"Above SMA, Mild bullishness, possible continuation",decreasing,48.86113028963798,14636.721484659993,14007.25,13377.778515340007,-88.15099313858263,-126.19328117513128,38.04228803654864,127101.0,143.0,339.0
262,17-Oct-2025,Yes,No,SONACOMS,462.0,increasing,Close to BBHi,increasing,Aproaching BBHi/nearing overbought zone,increasing,64.21923962613153,464.0871854836298,426.48,388.8728145163702,5.142818523434926,-2.3983111038760887,7.541129627311014,28733.0,50.8,86.8
263,17-Oct-2025,Yes,No,SRF,3170.0,increasing,Close to BBHi,increasing,Aproaching BBHi/nearing overbought zone,increasing,73.27581943284386,3172.3999498682706,2961.705,2751.0100501317293,58.94052950835612,25.60799175283786,33.33253775551826,93903.0,66.4,390.0
264,17-Oct-2025,No,No,STARHEALTH,503.0,increasing,Above BBHi,increasing,Broke BBHi (Strong upside momentum/breakout/overbought,increasing,72.25638646316895,500.05475460975157,465.35249999999996,430.65024539024836,13.580809383559767,9.804491500830308,3.77631788272946,29577.0,50.2,120.0
265,17-Oct-2025,Yes,No,SUNPHARMA,1681.0,increasing,Close to BBHi,increasing,Aproaching BBHi/nearing overbought zone,decreasing,61.722004241185346,1691.6936387164562,1640.4099999999999,1589.1263612835435,14.12145070370866,9.607873879294814,4.513576824413846,403158.0,80.9,101.0
266,17-Oct-2025,Yes,No,SUPREMEIND,4217.0,increasing,Close but BELOW Mid,increasing,Gradual recovery toward mean,increasing,44.407351200005266,4380.845533028815,4242.485,4104.124466971184,-58.90454770649467,-62.67293657855105,3.7683888720563843,53536.0,63.9,393.0
267,17-Oct-2025,Yes,No,SUZLON,52.9,decreasing,Close to BBLo,decreasing,Approaching BBLo. Weakness persisting near support,increasing,31.82442026146768,59.639411859734736,55.269999999999996,50.900588140265256,-1.601207431753025,-1.5778147236177347,-0.023392708135290263,71955.0,42.5,4.08
268,17-Oct-2025,No,No,SWANCORP,427.0,decreasing,Close to BBLo,decreasing,Approaching BBLo. Weakness persisting near support,increasing,36.29691909598689,496.42321338188594,455.145,413.866786618114,-9.780972526117068,-5.797258219936717,-3.9837143061803513,13369.0,988.0,146.0
269,17-Oct-2025,No,No,SWIGGY,432.0,decreasing,Mid,decreasing,Losing momentum / neutralizing after prior uptrend,increasing,50.89865808372536,457.7184041106917,432.36500000000007,407.0115958893084,4.341978331368978,3.3136431375609208,1.028335193808057,107498.0,0.0,52.5
270,17-Oct-2025,Yes,No,SYNGENE,640.0,increasing,Close but ABOVE Mid,increasing,"Above SMA, Mild bullishness, possible continuation",increasing,49.36042557307892,660.7192516760759,635.53,610.340748323924,-4.819495854985803,-6.201748801544031,1.3822529465582285,25774.0,55.1,115.0
271,17-Oct-2025,No,No,TATACHEM,903.0,decreasing,Close to BBLo,decreasing,Approaching BBLo. Weakness persisting near support,increasing,39.40412865932659,979.6940566647772,929.0099999999999,878.3259433352225,-13.46564487491105,-11.330874619744462,-2.134770255166588,22999.0,40.0,714.0
272,17-Oct-2025,No,No,TATACOMM,1929.0,decreasing,Close to BBHi,increasing,Aproaching BBHi/nearing overbought zone,increasing,70.21108866934098,1967.1444252961287,1723.7150000000001,1480.2855747038716,84.94986522327758,48.771803250411594,36.17806197286599,54899.0,103.0,355.0
273,17-Oct-2025,Yes,No,TATACONSUM,1169.0,increasing,Above BBHi,increasing,Broke BBHi (Strong upside momentum/breakout/overbought,increasing,66.09467921238203,1155.9081563909522,1130.28,1104.6518436090478,11.412245599511834,10.309304607755394,1.1029409917564408,115658.0,66.6,172.0
274,17-Oct-2025,Yes,No,TATAELXSI,5369.0,increasing,Close but BELOW Mid,increasing,Gradual recovery toward mean,increasing,44.035653983177276,5662.50139310658,5415.75,5168.99860689342,-71.79160149251857,-80.45736451323934,8.665763020720775,33444.0,49.9,434.0
275,17-Oct-2025,Yes,No,TATAMOTORS,397.0,increasing,Close to BBLo,increasing,"weak, possibly rebounding (early reversal possible)",decreasing,13.591370344426139,867.7330998323833,630.255,392.77690016761665,-74.38770444934505,-33.89351289268305,-40.494191556662,145986.0,16.5,90.8
276,17-Oct-2025,Yes,No,TATAPOWER,398.0,increasing,Close to BBHi,increasing,Aproaching BBHi/nearing overbought zone,increasing,58.99681835767742,400.38555124719494,391.8875,383.38944875280504,1.9942030477954518,1.115972841323796,0.8782302064716558,127111.0,43.6,57.5
277,17-Oct-2025,Yes,No,TATASTEEL,172.0,increasing,Close but ABOVE Mid,increasing,"Above SMA, Mild bullishness, possible continuation",increasing,53.606945165807424,176.14421671751424,171.689,167.23378328248575,2.098540978691517,2.345481707511518,-0.24694072882000118,214967.0,14.5,102.0
278,17-Oct-2025,Yes,No,TATATECH,686.0,decreasing,Close but BELOW Mid,decreasing,Below SMA - Bearish to neutral — still under pressure,decreasing,44.857058968288975,727.8458132711553,696.26,664.6741867288447,0.8431278367230561,2.7570068663521528,-1.9138790296290966,27804.0,42.8,40.8
279,17-Oct-2025,Yes,No,TCS,2962.0,increasing,Close but BELOW Mid,increasing,Gradual recovery toward mean,decreasing,44.41969284264083,3117.587247620796,2977.924,2838.260752379204,-28.429485131603542,-32.620957456627195,4.191472325023653,1071696.0,22.3,235.0
280,17-Oct-2025,Yes,No,TECHM,1448.0,decreasing,Close but BELOW Mid,decreasing,Below SMA - Bearish to neutral — still under pressure,decreasing,45.4322314047966,1521.323849803231,1450.6299999999999,1379.9361501967687,-11.80209804806077,-16.070828115904682,4.2687300678439115,141785.0,36.2,221.0
281,17-Oct-2025,No,No,TEJASNET,590.0,increasing,Close but BELOW Mid,increasing,Gradual recovery toward mean,decreasing,47.72614562351187,606.0328688070439,592.145,578.2571311929561,-2.6123251771077776,-2.4901854983395295,-0.12213967876824805,10433.0,59.4,219.0
282,17-Oct-2025,Yes,No,TIINDIA,3135.0,increasing,Close but BELOW Mid,increasing,Gradual recovery toward mean,increasing,48.00566445579015,3334.0302719217702,3177.9649999999997,3021.899728078229,-1.2374541401773058,8.664326512436721,-9.901780652614027,60674.0,45.8,269.0
283,17-Oct-2025,Yes,No,TITAGARH,867.0,decreasing,Close to BBLo,decreasing,Approaching BBLo. Weakness persisting near support,decreasing,42.22813794045487,940.7567728331157,898.1775,855.5982271668843,-1.2773523095895598,3.864497574005494,-5.141849883595054,11672.0,42.5,187.0
284,17-Oct-2025,Yes,No,TITAN,3675.0,increasing,Above BBHi,increasing,Broke BBHi (Strong upside momentum/breakout/overbought,increasing,67.18892663106888,3656.5718534531266,3477.2300000000005,3297.8881465468744,25.94362336662607,-3.3380844436372676,29.281707810263338,326051.0,90.7,189.0
285,17-Oct-2025,Yes,No,TORNTPHARM,3565.0,increasing,Close but ABOVE Mid,increasing,"Above SMA, Mild bullishness, possible continuation",increasing,53.72825689010435,3653.137725976932,3566.0850000000005,3479.032274023069,-12.132644529703612,-12.587607073352409,0.4549625436487972,120666.0,60.7,224.0
286,17-Oct-2025,Yes,No,TORNTPOWER,1310.0,increasing,Close to BBHi,increasing,Aproaching BBHi/nearing overbought zone,increasing,59.58993652995471,1328.9568454073046,1256.35,1183.7431545926952,7.678606253677117,-6.811542000074348,14.490148253751464,66135.0,25.4,346.0
287,17-Oct-2025,Yes,No,TRENT,4810.0,increasing,Close but ABOVE Mid,increasing,"Above SMA, Mild bullishness, possible continuation",increasing,46.35763682829216,5013.542089678539,4770.92,4528.297910321461,-133.9977904700254,-161.70208072270052,27.704290252675122,171161.0,103.0,166.0
288,17-Oct-2025,No,No,TRIDENT,27.9,increasing,Close but BELOW Mid,increasing,Gradual recovery toward mean,increasing,40.174282519592936,30.10708857214982,28.6125,27.11791142785018,-0.31640462647660783,-0.23842736740741444,-0.0779772590691934,14218.0,32.9,9.05
289,17-Oct-2025,No,No,TRITURBINE,524.0,decreasing,Close but BELOW Mid,decreasing,Below SMA - Bearish to neutral — still under pressure,decreasing,43.282426886208086,535.9112202637742,524.325,512.7387797362259,-3.28016895996916,-4.008129508447318,0.7279605484781584,16649.0,48.4,32.5
290,17-Oct-2025,Yes,No,TVSMOTOR,3657.0,increasing,Above BBHi,increasing,Broke BBHi (Strong upside momentum/breakout/overbought,increasing,75.77509405838855,3612.0737537303244,3496.6800000000003,3381.286246269676,67.51066294714474,62.47706274050261,5.033600206642127,173691.0,59.6,209.0
291,17-Oct-2025,Yes,No,ULTRACEMCO,12336.0,increasing,Close but ABOVE Mid,increasing,"Above SMA, Mild bullishness, possible continuation",increasing,52.934836913233354,12557.072821482017,12217.25,11877.427178517983,-50.125176313222255,-85.84588853699661,35.720712223774356,363584.0,51.7,2365.0
292,17-Oct-2025,Yes,No,UNIONBANK,137.0,decreasing,Close but BELOW Mid,decreasing,Below SMA - Bearish to neutral — still under pressure,decreasing,49.63934215298748,141.3268402373161,138.094,134.86115976268388,1.146287239446707,1.3162073852567435,-0.16992014581003656,104351.0,5.66,153.0
293,17-Oct-2025,Yes,No,UNITDSPR,1361.0,increasing,Close to BBHi,increasing,Aproaching BBHi/nearing overbought zone,increasing,57.867002498438175,1374.127808595808,1335.4950000000001,1296.8621914041923,5.072723940448441,3.075447781060485,1.9972761593879556,99003.0,62.9,108.0
294,17-Oct-2025,Yes,No,UNOMINDA,1218.0,increasing,Close to BBLo,increasing,"weak, possibly rebounding (early reversal possible)",increasing,42.63573330200864,1378.5399644513232,1281.49,1184.4400355486769,-12.132338107436226,3.8649716362252278,-15.997309743661454,70103.0,75.4,83.7
295,17-Oct-2025,Yes,No,UPL,675.0,increasing,Close but ABOVE Mid,increasing,"Above SMA, Mild bullishness, possible continuation",increasing,46.358494267646364,693.6681861716946,672.905,652.1418138283053,-4.939492230704559,-6.590293417645114,1.650801186940555,56940.0,80.2,142.0
296,17-Oct-2025,Yes,No,VBL,461.0,increasing,Close to BBHi,increasing,Aproaching BBHi/nearing overbought zone,increasing,53.808562715815256,468.8879779586864,449.175,429.4620220413136,-7.694360050017906,-11.312898921239109,3.6185388712212028,156045.0,61.4,53.4
297,17-Oct-2025,Yes,No,VEDL,474.0,decreasing,Close but ABOVE Mid,decreasing,Pullback in ongoing uptrend,decreasing,58.13894281340151,490.938378228854,468.0224999999999,445.10662177114585,11.26393329225067,11.41613468592232,-0.15220139367164975,185391.0,12.3,193.0
298,17-Oct-2025,No,No,VMM,148.0,increasing,Close but ABOVE Mid,increasing,"Above SMA, Mild bullishness, possible continuation",increasing,51.05871242000144,152.28583768744247,148.155,144.02416231255754,-0.13047836562287785,0.13873634951610003,-0.2692147151389779,69323.0,134.0,13.5
299,17-Oct-2025,Yes,No,VOLTAS,1427.0,increasing,Close to BBHi,increasing,Aproaching BBHi/nearing overbought zone,increasing,60.18405608518477,1429.3419433648237,1381.28,1333.2180566351763,9.845989652999378,4.1787358309916325,5.667253822007746,47192.0,73.6,246.0
300,17-Oct-2025,No,No,WAAREEENER,3535.0,increasing,Close to BBHi,increasing,Aproaching BBHi/nearing overbought zone,increasing,57.130952357995334,3614.0685038395877,3417.725,3221.381496160412,54.831443133773064,39.785872196975724,15.04557093679734,101765.0,35.4,391.0
301,17-Oct-2025,No,No,WELCORP,828.0,increasing,Close to BBLo,increasing,"weak, possibly rebounding (early reversal possible)",increasing,39.36730745656027,899.7209861558217,857.79,815.8590138441782,-14.030822044956722,-10.424039478167408,-3.606782566789313,21830.0,34.7,164.0
302,17-Oct-2025,No,No,WHIRLPOOL,1384.0,increasing,Above BBHi,increasing,Broke BBHi (Strong upside momentum/breakout/overbought,increasing,68.9834706104132,1363.7473914554328,1224.375,1085.0026085445672,-21.266710490626792,-38.79202632459086,17.525315833964065,17568.0,56.8,275.0
303,17-Oct-2025,Yes,No,WIPRO,241.0,decreasing,Close but BELOW Mid,decreasing,Below SMA - Bearish to neutral — still under pressure,decreasing,43.010431632574225,255.2806819745112,245.137,234.9933180254888,-0.3881307958294542,-0.9714507699273285,0.5833199740978743,252616.0,21.0,61.5
304,17-Oct-2025,No,No,WOCKPHARMA,1345.0,decreasing,Close to BBLo,decreasing,Approaching BBLo. Weakness persisting near support,decreasing,37.156922888274515,1561.5462287512323,1433.855,1306.1637712487677,-45.359851008344094,-34.832116053441936,-10.527734954902158,21834.0,428.0,170.0
305,17-Oct-2025,Yes,No,YESBANK,22.2,decreasing,Close but ABOVE Mid,decreasing,Pullback in ongoing uptrend,decreasing,54.03313735926248,24.008778923651207,22.091,20.173221076348796,0.8155200238532174,0.7955985848903543,0.019921438962863136,69803.0,25.8,15.5
306,17-Oct-2025,No,No,ZENSARTECH,781.0,increasing,Close but ABOVE Mid,increasing,"Above SMA, Mild bullishness, possible continuation",increasing,49.8498401231998,832.8480966629169,781.0649999999999,729.281903337083,-8.882016986061899,-9.417938365758806,0.5359213796969069,17755.0,30.2,136.0
307,17-Oct-2025,No,No,ZENTEC,1377.0,increasing,Close to BBLo,increasing,"weak, possibly rebounding (early reversal possible)",increasing,38.41449537426061,1615.9053141429235,1459.01,1302.1146858570764,-46.65069641782452,-36.246399116119306,-10.404297301705213,12435.0,55.0,187.0
308,17-Oct-2025,Yes,No,ZYDUSLIFE,987.0,increasing,Close but BELOW Mid,increasing,Gradual recovery toward mean,increasing,45.44528308105884,1042.3797378942772,999.1125,955.8452621057227,-7.022009395953205,-4.5636031795598875,-2.4584062163933176,99406.0,22.3,211.0
