Date,Symbol,Type,Sentiment,Senti_pct,Senti_oi
2025-10-31,360ONE,Non-Hld,1,2,1
2025-10-31,ABB,Holding,3,3,2
2025-10-31,ABCAPITAL,Non-Hld,4,2,3
2025-10-31,ADANIENSOL,Non-Hld,8,7,4
2025-10-31,ADANIENT,Non-Hld,4,3,2
2025-10-31,ADANIGREEN,Non-Hld,4,2,1
2025-10-31,ADANIPORTS,Non-Hld,3,5,4
2025-10-31,ALKEM,Non-Hld,4,8,5
2025-10-31,AMBER,Non-Hld,5,2,1
2025-10-31,AMBUJACEM,Non-Hld,0,3,2
2025-10-31,ANGELONE,Non-Hld,5,5,3
2025-10-31,APLAPOLLO,Non-Hld,4,5,4
2025-10-31,APOLLOHOSP,Non-Hld,5,2,1
2025-10-31,ASHOKLEY,Non-Hld,3,2,1
2025-10-31,ASIANPAINT,Non-Hld,1,3,2
2025-10-31,ASTRAL,Non-Hld,4,3,2
2025-10-31,AUBANK,Non-Hld,5,3,2
2025-10-31,AUROPHARMA,Non-Hld,7,8,5
2025-10-31,AXISBANK,Non-Hld,3,2,1
2025-10-31,BAJAJ-AUTO,Non-Hld,2,2,1
2025-10-31,BAJAJFINSV,Non-Hld,1,2,1
2025-10-31,BAJFINANCE,Non-Hld,2,3,2
2025-10-31,BANDHANBNK,Non-Hld,0,2,1
2025-10-31,BANKBARODA,Non-Hld,7,7,4
2025-10-31,BANKINDIA,Non-Hld,7,9,6
2025-10-31,BDL,Non-Hld,7,8,5
2025-10-31,BEL,Holding,8,9,6
2025-10-31,BHARATFORG,Non-Hld,7,8,5
2025-10-31,BHARTIARTL,Non-Hld,2,3,2
2025-10-31,BHEL,Non-Hld,7,9,6
2025-10-31,BIOCON,Non-Hld,2,3,2
2025-10-31,BLUESTARCO,Non-Hld,2,1,2
2025-10-31,BOSCHLTD,Non-Hld,8,5,3
2025-10-31,BPCL,Non-Hld,7,8,5
2025-10-31,BRITANNIA,Non-Hld,3,1,1
2025-10-31,BSE,Holding,7,9,6
2025-10-31,CAMS,Holding,0,3,2
2025-10-31,CANBK,Non-Hld,6,9,6
2025-10-31,CDSL,Holding,1,2,1
2025-10-31,CGPOWER,Holding,5,4,2
2025-10-31,CHOLAFIN,Non-Hld,6,9,6
2025-10-31,CIPLA,Non-Hld,0,2,1
2025-10-31,COALINDIA,Holding,5,7,6
2025-10-31,COFORGE,Non-Hld,1,3,2
2025-10-31,COLPAL,Non-Hld,1,3,2
2025-10-31,CONCOR,Non-Hld,3,2,1
2025-10-31,CROMPTON,Non-Hld,1,2,1
2025-10-31,CUMMINSIND,Non-Hld,4,2,2
2025-10-31,CYIENT,Non-Hld,2,0,0
2025-10-31,DABUR,Non-Hld,2,2,1
2025-10-31,DALBHARAT,Non-Hld,6,4,3
2025-10-31,DELHIVERY,Non-Hld,1,1,0
2025-10-31,DIVISLAB,Non-Hld,8,8,5
2025-10-31,DIXON,Non-Hld,3,1,0
2025-10-31,DLF,Non-Hld,2,3,2
2025-10-31,DMART,Non-Hld,5,3,2
2025-10-31,DRREDDY,Non-Hld,4,1,1
2025-10-31,EICHERMOT,Non-Hld,7,8,5
2025-10-31,ETERNAL,Non-Hld,1,3,2
2025-10-31,EXIDEIND,Non-Hld,6,3,3
2025-10-31,FEDERALBNK,Non-Hld,7,9,6
2025-10-31,FORTIS,Non-Hld,2,2,1
2025-10-31,GAIL,Non-Hld,2,1,1
2025-10-31,GLENMARK,Non-Hld,5,5,3
2025-10-31,GMRAIRPORT,Non-Hld,0,3,2
2025-10-31,GODREJCP,Non-Hld,7,4,3
2025-10-31,GODREJPROP,Non-Hld,5,4,3
2025-10-31,GRASIM,Non-Hld,1,3,2
2025-10-31,HAL,Non-Hld,7,9,6
2025-10-31,HAVELLS,Non-Hld,2,3,2
2025-10-31,HCLTECH,Non-Hld,3,3,2
2025-10-31,HDFCAMC,Non-Hld,2,2,2
2025-10-31,HDFCBANK,Non-Hld,3,3,2
2025-10-31,HDFCLIFE,Non-Hld,1,2,1
2025-10-31,HEROMOTOCO,Non-Hld,6,8,5
2025-10-31,HFCL,Non-Hld,1,2,1
2025-10-31,HINDALCO,Non-Hld,3,4,2
2025-10-31,HINDPETRO,Non-Hld,6,9,6
2025-10-31,HINDUNILVR,Non-Hld,3,4,3
2025-10-31,HINDZINC,Non-Hld,5,3,3
2025-10-31,HUDCO,Non-Hld,3,3,2
2025-10-31,ICICIBANK,Non-Hld,1,2,1
2025-10-31,ICICIGI,Non-Hld,1,3,2
2025-10-31,ICICIPRULI,Non-Hld,1,2,1
2025-10-31,IDEA,Non-Hld,3,5,3
2025-10-31,IDFCFIRSTB,Non-Hld,7,8,5
2025-10-31,IEX,Holding,5,3,2
2025-10-31,IGL,Non-Hld,6,3,2
2025-10-31,IIFL,Non-Hld,5,1,1
2025-10-31,INDHOTEL,Non-Hld,3,3,2
2025-10-31,INDIANB,Non-Hld,8,8,5
2025-10-31,INDIGO,Holding,1,3,2
2025-10-31,INDUSINDBK,Non-Hld,1,2,1
2025-10-31,INDUSTOWER,Non-Hld,1,2,1
2025-10-31,INFY,Non-Hld,2,2,1
2025-10-31,INOXWIND,Non-Hld,7,6,5
2025-10-31,IOC,Non-Hld,8,9,6
2025-10-31,IRCTC,Holding,1,2,1
2025-10-31,IREDA,Non-Hld,5,2,2
2025-10-31,IRFC,Non-Hld,3,1,0
2025-10-31,ITC,Non-Hld,5,7,5
2025-10-31,JINDALSTEL,Non-Hld,3,3,2
2025-10-31,JIOFIN,Non-Hld,2,1,0
2025-10-31,JSWENERGY,Non-Hld,1,3,2
2025-10-31,JSWSTEEL,Non-Hld,6,3,2
2025-10-31,JUBLFOOD,Non-Hld,0,2,1
2025-10-31,KALYANKJIL,Non-Hld,6,3,2
2025-10-31,KAYNES,Non-Hld,0,2,1
2025-10-31,KEI,Non-Hld,1,1,0
2025-10-31,KFINTECH,Holding,1,3,2
2025-10-31,KOTAKBANK,Non-Hld,2,2,1
2025-10-31,KPITTECH,Non-Hld,3,0,0
2025-10-31,LAURUSLABS,Non-Hld,2,3,2
2025-10-31,LICHSGFIN,Non-Hld,5,4,2
2025-10-31,LICI,Non-Hld,3,1,0
2025-10-31,LODHA,Non-Hld,7,8,5
2025-10-31,LT,Non-Hld,5,7,4
2025-10-31,LTF,Non-Hld,7,8,5
2025-10-31,LTIM,Non-Hld,4,2,0
2025-10-31,LUPIN,Non-Hld,6,8,5
2025-10-31,M&M,Non-Hld,3,1,0
2025-10-31,MANAPPURAM,Non-Hld,5,4,3
2025-10-31,MANKIND,Non-Hld,1,0,0
2025-10-31,MARICO,Non-Hld,6,3,2
2025-10-31,MARUTI,Non-Hld,4,4,2
2025-10-31,MAXHEALTH,Non-Hld,3,2,1
2025-10-31,MAZDOCK,Non-Hld,4,3,2
2025-10-31,MCX,Holding,7,8,5
2025-10-31,MFSL,Non-Hld,6,3,2
2025-10-31,MOTHERSON,Holding,3,2,1
2025-10-31,MPHASIS,Non-Hld,2,3,2
2025-10-31,MUTHOOTFIN,Non-Hld,6,7,4
2025-10-31,NATIONALUM,Non-Hld,0,3,2
2025-10-31,NAUKRI,Non-Hld,1,3,2
2025-10-31,NBCC,Non-Hld,3,0,1
2025-10-31,NCC,Non-Hld,4,3,1
2025-10-31,NESTLEIND,Non-Hld,1,3,2
2025-10-31,NHPC,Non-Hld,3,2,1
2025-10-31,NMDC,Non-Hld,5,6,4
2025-10-31,NTPC,Non-Hld,1,2,1
2025-10-31,NUVAMA,Non-Hld,1,2,1
2025-10-31,NYKAA,Non-Hld,1,2,1
2025-10-31,OBEROIRLTY,Non-Hld,7,7,4
2025-10-31,OFSS,Non-Hld,3,2,1
2025-10-31,OIL,Non-Hld,6,3,2
2025-10-31,ONGC,Non-Hld,7,9,6
2025-10-31,PAGEIND,Non-Hld,6,3,3
2025-10-31,PATANJALI,Non-Hld,3,3,2
2025-10-31,PAYTM,Non-Hld,3,2,1
2025-10-31,PERSISTENT,Non-Hld,3,2,1
2025-10-31,PETRONET,Non-Hld,1,2,1
2025-10-31,PFC,Holding,3,3,2
2025-10-31,PGEL,Non-Hld,5,3,2
2025-10-31,PHOENIXLTD,Non-Hld,5,3,2
2025-10-31,PIDILITIND,Non-Hld,3,3,2
2025-10-31,PIIND,Non-Hld,3,3,2
2025-10-31,PNB,Non-Hld,7,8,5
2025-10-31,PNBHOUSING,Non-Hld,2,2,2
2025-10-31,POLICYBZR,Non-Hld,2,3,2
2025-10-31,POLYCAB,Non-Hld,3,3,2
2025-10-31,POWERGRID,Holding,0,0,0
2025-10-31,POWERINDIA,Non-Hld,6,2,1
2025-10-31,PPLPHARMA,Non-Hld,3,2,1
2025-10-31,PRESTIGE,Non-Hld,4,1,1
2025-10-31,RBLBANK,Non-Hld,7,9,6
2025-10-31,RECLTD,Non-Hld,2,2,1
2025-10-31,RELIANCE,Non-Hld,6,3,2
2025-10-31,RVNL,Non-Hld,1,2,1
2025-10-31,SAIL,Non-Hld,4,2,1
2025-10-31,SAMMAANCAP,Non-Hld,7,6,5
2025-10-31,SBICARD,Non-Hld,2,2,2
2025-10-31,SBILIFE,Non-Hld,2,3,2
2025-10-31,SBIN,Non-Hld,7,9,6
2025-10-31,SHREECEM,Non-Hld,1,3,2
2025-10-31,SHRIRAMFIN,Non-Hld,8,7,4
2025-10-31,SIEMENS,Holding,0,2,1
2025-10-31,SOLARINDS,Non-Hld,8,3,2
2025-10-31,SONACOMS,Non-Hld,0,3,2
2025-10-31,SRF,Non-Hld,1,3,2
2025-10-31,SUNPHARMA,Non-Hld,5,3,2
2025-10-31,SUPREMEIND,Non-Hld,5,3,2
2025-10-31,SUZLON,Non-Hld,7,8,5
2025-10-31,SYNGENE,Non-Hld,8,8,5
2025-10-31,TATACONSUM,Non-Hld,0,0,0
2025-10-31,TATAELXSI,Non-Hld,1,2,1
2025-10-31,TATAPOWER,Non-Hld,3,2,1
2025-10-31,TATASTEEL,Non-Hld,2,2,1
2025-10-31,TATATECH,Non-Hld,0,0,0
2025-10-31,TCS,Non-Hld,8,9,6
2025-10-31,TECHM,Non-Hld,3,2,1
2025-10-31,TIINDIA,Non-Hld,5,2,1
2025-10-31,TITAGARH,Non-Hld,1,2,1
2025-10-31,TITAN,Non-Hld,7,2,1
2025-10-31,TMPV,Non-Hld,5,0,0
2025-10-31,TORNTPHARM,Non-Hld,1,2,1
2025-10-31,TORNTPOWER,Non-Hld,4,4,3
2025-10-31,TRENT,Non-Hld,1,2,1
2025-10-31,TVSMOTOR,Non-Hld,6,9,6
2025-10-31,ULTRACEMCO,Non-Hld,1,3,2
2025-10-31,UNIONBANK,Non-Hld,8,8,5
2025-10-31,UNITDSPR,Non-Hld,7,7,4
2025-10-31,UNOMINDA,Non-Hld,6,8,5
2025-10-31,UPL,Non-Hld,2,2,2
2025-10-31,VBL,Non-Hld,1,3,2
2025-10-31,VEDL,Non-Hld,0,2,1
2025-10-31,VOLTAS,Non-Hld,1,3,2
2025-10-31,WIPRO,Non-Hld,6,3,2
2025-10-31,YESBANK,Non-Hld,6,8,5
2025-10-31,ZYDUSLIFE,Non-Hld,3,2,1
2025-11-03,360ONE,Non-Hld,7,9,6
2025-11-03,ABB,Holding,8,9,6
2025-11-03,ABCAPITAL,Non-Hld,8,8,5
2025-11-03,ADANIENSOL,Non-Hld,8,7,4
2025-11-03,ADANIENT,Non-Hld,5,3,2
2025-11-03,ADANIGREEN,Non-Hld,2,3,2
2025-11-03,ADANIPORTS,Non-Hld,5,2,1
2025-11-03,ALKEM,Non-Hld,8,7,4
2025-11-03,AMBER,Non-Hld,1,3,2
2025-11-03,AMBUJACEM,Non-Hld,7,8,5
2025-11-03,ANGELONE,Non-Hld,6,8,5
2025-11-03,APLAPOLLO,Non-Hld,7,8,5
2025-11-03,APOLLOHOSP,Non-Hld,7,9,6
2025-11-03,ASHOKLEY,Non-Hld,5,8,6
2025-11-03,ASIANPAINT,Non-Hld,6,2,1
2025-11-03,ASTRAL,Non-Hld,7,8,5
2025-11-03,AUBANK,Non-Hld,1,3,2
2025-11-03,AUROPHARMA,Non-Hld,6,9,6
2025-11-03,AXISBANK,Non-Hld,7,3,2
2025-11-03,BAJAJ-AUTO,Non-Hld,5,5,3
2025-11-03,BAJAJFINSV,Non-Hld,2,3,2
2025-11-03,BAJFINANCE,Non-Hld,3,2,1
2025-11-03,BANDHANBNK,Non-Hld,6,9,6
2025-11-03,BANKBARODA,Non-Hld,6,8,5
2025-11-03,BANKINDIA,Non-Hld,7,9,6
2025-11-03,BDL,Non-Hld,7,5,5
2025-11-03,BEL,Holding,3,3,2
2025-11-03,BHARATFORG,Non-Hld,6,9,6
2025-11-03,BHARTIARTL,Non-Hld,7,8,5
2025-11-03,BHEL,Non-Hld,5,3,2
2025-11-03,BIOCON,Non-Hld,7,9,6
2025-11-03,BLUESTARCO,Non-Hld,5,1,1
2025-11-03,BOSCHLTD,Non-Hld,3,2,1
2025-11-03,BPCL,Non-Hld,7,9,6
2025-11-03,BRITANNIA,Non-Hld,3,2,1
2025-11-03,BSE,Holding,7,7,4
2025-11-03,CAMS,Holding,2,3,2
2025-11-03,CANBK,Non-Hld,7,9,6
2025-11-03,CDSL,Holding,5,3,2
2025-11-03,CGPOWER,Holding,5,8,5
2025-11-03,CHOLAFIN,Non-Hld,5,9,6
2025-11-03,CIPLA,Non-Hld,6,8,6
2025-11-03,COALINDIA,Holding,7,6,5
2025-11-03,COFORGE,Non-Hld,4,6,3
2025-11-03,COLPAL,Non-Hld,3,2,1
2025-11-03,CONCOR,Non-Hld,6,9,6
2025-11-03,CROMPTON,Non-Hld,7,6,4
2025-11-03,CUMMINSIND,Non-Hld,3,2,1
2025-11-03,CYIENT,Non-Hld,5,3,2
2025-11-03,DABUR,Non-Hld,5,9,6
2025-11-03,DALBHARAT,Non-Hld,3,1,0
2025-11-03,DELHIVERY,Non-Hld,5,8,5
2025-11-03,DIVISLAB,Non-Hld,7,8,5
2025-11-03,DIXON,Non-Hld,5,3,3
2025-11-03,DLF,Non-Hld,7,8,5
2025-11-03,DMART,Non-Hld,5,2,1
2025-11-03,DRREDDY,Non-Hld,6,3,2
2025-11-03,EICHERMOT,Non-Hld,7,3,2
2025-11-03,ETERNAL,Non-Hld,6,9,6
2025-11-03,EXIDEIND,Non-Hld,4,6,4
2025-11-03,FEDERALBNK,Non-Hld,7,8,5
2025-11-03,FORTIS,Non-Hld,9,6,5
2025-11-03,GAIL,Non-Hld,5,8,5
2025-11-03,GLENMARK,Non-Hld,6,3,2
2025-11-03,GMRAIRPORT,Non-Hld,1,2,2
2025-11-03,GODREJCP,Non-Hld,7,8,5
2025-11-03,GODREJPROP,Non-Hld,7,8,5
2025-11-03,GRASIM,Non-Hld,7,8,5
2025-11-03,HAL,Non-Hld,7,7,5
2025-11-03,HAVELLS,Non-Hld,7,6,4
2025-11-03,HCLTECH,Non-Hld,6,2,2
2025-11-03,HDFCAMC,Non-Hld,5,8,5
2025-11-03,HDFCBANK,Non-Hld,6,9,6
2025-11-03,HDFCLIFE,Non-Hld,6,8,6
2025-11-03,HEROMOTOCO,Non-Hld,6,3,2
2025-11-03,HFCL,Non-Hld,6,8,5
2025-11-03,HINDALCO,Non-Hld,1,4,3
2025-11-03,HINDPETRO,Non-Hld,6,8,5
2025-11-03,HINDUNILVR,Non-Hld,3,2,1
2025-11-03,HINDZINC,Non-Hld,6,9,6
2025-11-03,HUDCO,Non-Hld,6,5,4
2025-11-03,ICICIBANK,Non-Hld,7,3,2
2025-11-03,ICICIGI,Non-Hld,7,10,6
2025-11-03,ICICIPRULI,Non-Hld,7,8,5
2025-11-03,IDEA,Non-Hld,7,7,4
2025-11-03,IDFCFIRSTB,Non-Hld,7,3,2
2025-11-03,IEX,Holding,5,8,5
2025-11-03,IGL,Non-Hld,7,9,6
2025-11-03,IIFL,Non-Hld,6,9,6
2025-11-03,INDHOTEL,Non-Hld,7,8,5
2025-11-03,INDIANB,Non-Hld,7,8,5
2025-11-03,INDIGO,Holding,7,8,5
2025-11-03,INDUSINDBK,Non-Hld,6,3,2
2025-11-03,INDUSTOWER,Non-Hld,7,9,6
2025-11-03,INFY,Non-Hld,5,3,2
2025-11-03,INOXWIND,Non-Hld,6,9,6
2025-11-03,IOC,Non-Hld,7,9,6
2025-11-03,IRCTC,Holding,7,9,6
2025-11-03,IREDA,Non-Hld,8,7,4
2025-11-03,IRFC,Non-Hld,6,4,4
2025-11-03,ITC,Non-Hld,2,3,2
2025-11-03,JINDALSTEL,Non-Hld,8,9,6
2025-11-03,JIOFIN,Non-Hld,7,3,2
2025-11-03,JSWENERGY,Non-Hld,6,9,6
2025-11-03,JSWSTEEL,Non-Hld,3,3,2
2025-11-03,JUBLFOOD,Non-Hld,2,2,1
2025-11-03,KALYANKJIL,Non-Hld,6,6,4
2025-11-03,KAYNES,Non-Hld,1,2,1
2025-11-03,KEI,Non-Hld,3,2,1
2025-11-03,KFINTECH,Holding,6,7,4
2025-11-03,KOTAKBANK,Non-Hld,6,7,4
2025-11-03,KPITTECH,Non-Hld,7,6,4
2025-11-03,LAURUSLABS,Non-Hld,6,8,5
2025-11-03,LICHSGFIN,Non-Hld,4,6,3
2025-11-03,LICI,Non-Hld,6,9,6
2025-11-03,LODHA,Non-Hld,5,7,4
2025-11-03,LT,Non-Hld,1,3,2
2025-11-03,LTF,Non-Hld,7,8,5
2025-11-03,LTIM,Non-Hld,5,3,3
2025-11-03,LUPIN,Non-Hld,8,8,5
2025-11-03,M&M,Non-Hld,7,8,5
2025-11-03,MANAPPURAM,Non-Hld,2,3,2
2025-11-03,MANKIND,Non-Hld,7,8,5
2025-11-03,MARICO,Non-Hld,3,1,1
2025-11-03,MARUTI,Non-Hld,0,3,2
2025-11-03,MAXHEALTH,Non-Hld,5,2,1
2025-11-03,MAZDOCK,Non-Hld,6,9,6
2025-11-03,MCX,Holding,7,8,5
2025-11-03,MFSL,Non-Hld,4,9,6
2025-11-03,MOTHERSON,Holding,7,7,5
2025-11-03,MPHASIS,Non-Hld,6,9,6
2025-11-03,MUTHOOTFIN,Non-Hld,7,5,4
2025-11-03,NATIONALUM,Non-Hld,6,9,6
2025-11-03,NAUKRI,Non-Hld,2,2,1
2025-11-03,NBCC,Non-Hld,6,3,2
2025-11-03,NCC,Non-Hld,5,9,6
2025-11-03,NESTLEIND,Non-Hld,3,3,2
2025-11-03,NHPC,Non-Hld,8,8,5
2025-11-03,NMDC,Non-Hld,4,8,5
2025-11-03,NTPC,Non-Hld,2,2,1
2025-11-03,NUVAMA,Non-Hld,7,3,2
2025-11-03,NYKAA,Non-Hld,6,8,5
2025-11-03,OBEROIRLTY,Non-Hld,6,7,4
2025-11-03,OFSS,Non-Hld,7,8,5
2025-11-03,OIL,Non-Hld,8,8,5
2025-11-03,ONGC,Non-Hld,7,9,6
2025-11-03,PAGEIND,Non-Hld,3,1,1
2025-11-03,PATANJALI,Non-Hld,4,1,0
2025-11-03,PAYTM,Non-Hld,3,3,2
2025-11-03,PERSISTENT,Non-Hld,6,8,6
2025-11-03,PETRONET,Non-Hld,8,8,5
2025-11-03,PFC,Holding,6,9,6
2025-11-03,PGEL,Non-Hld,4,8,5
2025-11-03,PHOENIXLTD,Non-Hld,6,9,6
2025-11-03,PIDILITIND,Non-Hld,6,9,6
2025-11-03,PIIND,Non-Hld,8,8,5
2025-11-03,PNB,Non-Hld,6,9,6
2025-11-03,PNBHOUSING,Non-Hld,7,9,6
2025-11-03,POLICYBZR,Non-Hld,7,7,4
2025-11-03,POLYCAB,Non-Hld,3,3,2
2025-11-03,POWERGRID,Holding,6,3,2
2025-11-03,POWERINDIA,Non-Hld,5,4,1
2025-11-03,PPLPHARMA,Non-Hld,5,7,5
2025-11-03,PRESTIGE,Non-Hld,8,8,5
2025-11-03,RBLBANK,Non-Hld,7,7,4
2025-11-03,RECLTD,Non-Hld,5,9,6
2025-11-03,RELIANCE,Non-Hld,2,2,2
2025-11-03,RVNL,Non-Hld,7,7,5
2025-11-03,SAIL,Non-Hld,6,9,6
2025-11-03,SAMMAANCAP,Non-Hld,4,4,3
2025-11-03,SBICARD,Non-Hld,6,5,4
2025-11-03,SBILIFE,Non-Hld,6,8,5
2025-11-03,SBIN,Non-Hld,7,7,4
2025-11-03,SHREECEM,Non-Hld,3,2,1
2025-11-03,SHRIRAMFIN,Non-Hld,7,8,5
2025-11-03,SIEMENS,Holding,7,9,6
2025-11-03,SOLARINDS,Non-Hld,7,9,6
2025-11-03,SONACOMS,Non-Hld,6,7,4
2025-11-03,SRF,Non-Hld,8,8,6
2025-11-03,SUNPHARMA,Non-Hld,7,8,5
2025-11-03,SUPREMEIND,Non-Hld,6,9,6
2025-11-03,SUZLON,Non-Hld,4,7,3
2025-11-03,SYNGENE,Non-Hld,6,9,6
2025-11-03,TATACONSUM,Non-Hld,8,8,5
2025-11-03,TATAELXSI,Non-Hld,6,2,1
2025-11-03,TATAPOWER,Non-Hld,7,9,6
2025-11-03,TATASTEEL,Non-Hld,6,3,1
2025-11-03,TATATECH,Non-Hld,8,9,6
2025-11-03,TCS,Non-Hld,1,2,1
2025-11-03,TECHM,Non-Hld,4,3,1
2025-11-03,TIINDIA,Non-Hld,7,9,5
2025-11-03,TITAGARH,Non-Hld,6,7,4
2025-11-03,TITAN,Non-Hld,3,2,1
2025-11-03,TMPV,Non-Hld,7,9,6
2025-11-03,TORNTPHARM,Non-Hld,7,8,6
2025-11-03,TORNTPOWER,Non-Hld,7,8,5
2025-11-03,TRENT,Non-Hld,6,9,6
2025-11-03,TVSMOTOR,Non-Hld,4,3,2
2025-11-03,ULTRACEMCO,Non-Hld,7,2,1
2025-11-03,UNIONBANK,Non-Hld,7,9,6
2025-11-03,UNITDSPR,Non-Hld,6,9,6
2025-11-03,UNOMINDA,Non-Hld,5,8,5
2025-11-03,UPL,Non-Hld,7,7,4
2025-11-03,VBL,Non-Hld,5,8,5
2025-11-03,VEDL,Non-Hld,7,9,6
2025-11-03,VOLTAS,Non-Hld,3,3,2
2025-11-03,WIPRO,Non-Hld,5,3,2
2025-11-03,YESBANK,Non-Hld,8,8,6
2025-11-03,ZYDUSLIFE,Non-Hld,7,8,5
2025-11-04,360ONE,Non-Hld,0,2,1
2025-11-04,ABB,Holding,3,3,2
2025-11-04,ABCAPITAL,Non-Hld,0,3,2
2025-11-04,ADANIENSOL,Non-Hld,2,2,1
2025-11-04,ADANIENT,Non-Hld,1,1,0
2025-11-04,ADANIGREEN,Non-Hld,1,3,2
2025-11-04,ADANIPORTS,Non-Hld,6,3,2
2025-11-04,ALKEM,Non-Hld,6,8,5
2025-11-04,AMBER,Non-Hld,2,3,2
2025-11-04,AMBUJACEM,Non-Hld,2,3,2
2025-11-04,ANGELONE,Non-Hld,3,3,2
2025-11-04,APLAPOLLO,Non-Hld,1,3,2
2025-11-04,APOLLOHOSP,Non-Hld,3,2,1
2025-11-04,ASHOKLEY,Non-Hld,1,3,2
2025-11-04,ASIANPAINT,Non-Hld,1,3,2
2025-11-04,ASTRAL,Non-Hld,2,2,1
2025-11-04,AUBANK,Non-Hld,7,9,6
2025-11-04,AUROPHARMA,Non-Hld,6,3,2
2025-11-04,AXISBANK,Non-Hld,3,3,2
2025-11-04,BAJAJ-AUTO,Non-Hld,0,2,1
2025-11-04,BAJAJFINSV,Non-Hld,0,2,1
2025-11-04,BAJFINANCE,Non-Hld,5,9,6
2025-11-04,BANDHANBNK,Non-Hld,1,3,2
2025-11-04,BANKBARODA,Non-Hld,0,3,2
2025-11-04,BANKINDIA,Non-Hld,2,2,1
2025-11-04,BDL,Non-Hld,4,2,1
2025-11-04,BEL,Holding,1,3,2
2025-11-04,BHARATFORG,Non-Hld,3,3,2
2025-11-04,BHARTIARTL,Non-Hld,7,8,5
2025-11-04,BHEL,Non-Hld,7,8,5
2025-11-04,BIOCON,Non-Hld,8,8,4
2025-11-04,BLUESTARCO,Non-Hld,2,3,2
2025-11-04,BOSCHLTD,Non-Hld,6,9,6
2025-11-04,BPCL,Non-Hld,6,8,5
2025-11-04,BRITANNIA,Non-Hld,6,9,6
2025-11-04,BSE,Holding,2,3,2
2025-11-04,CAMS,Holding,1,3,2
2025-11-04,CANBK,Non-Hld,4,1,2
2025-11-04,CDSL,Holding,1,2,1
2025-11-04,CGPOWER,Holding,6,9,6
2025-11-04,CHOLAFIN,Non-Hld,7,6,4
2025-11-04,CIPLA,Non-Hld,1,2,1
2025-11-04,COALINDIA,Holding,6,2,1
2025-11-04,COFORGE,Non-Hld,0,3,2
2025-11-04,COLPAL,Non-Hld,3,2,1
2025-11-04,CONCOR,Non-Hld,0,3,2
2025-11-04,CROMPTON,Non-Hld,2,3,2
2025-11-04,CUMMINSIND,Non-Hld,1,2,1
2025-11-04,CYIENT,Non-Hld,3,1,1
2025-11-04,DABUR,Non-Hld,7,9,6
2025-11-04,DALBHARAT,Non-Hld,1,2,1
2025-11-04,DELHIVERY,Non-Hld,7,8,5
2025-11-04,DIVISLAB,Non-Hld,2,7,4
2025-11-04,DIXON,Non-Hld,3,3,2
2025-11-04,DLF,Non-Hld,0,3,2
2025-11-04,DMART,Non-Hld,7,9,6
2025-11-04,DRREDDY,Non-Hld,6,6,4
2025-11-04,EICHERMOT,Non-Hld,2,3,2
2025-11-04,ETERNAL,Non-Hld,3,3,2
2025-11-04,EXIDEIND,Non-Hld,1,3,2
2025-11-04,FEDERALBNK,Non-Hld,3,2,1
2025-11-04,FORTIS,Non-Hld,1,3,2
2025-11-04,GAIL,Non-Hld,3,3,2
2025-11-04,GLENMARK,Non-Hld,1,3,2
2025-11-04,GMRAIRPORT,Non-Hld,6,8,5
2025-11-04,GODREJCP,Non-Hld,2,3,2
2025-11-04,GODREJPROP,Non-Hld,3,3,2
2025-11-04,GRASIM,Non-Hld,2,2,1
2025-11-04,HAL,Non-Hld,2,2,1
2025-11-04,HAVELLS,Non-Hld,1,3,2
2025-11-04,HCLTECH,Non-Hld,1,3,2
2025-11-04,HDFCAMC,Non-Hld,1,2,2
2025-11-04,HDFCBANK,Non-Hld,1,3,2
2025-11-04,HDFCLIFE,Non-Hld,6,9,6
2025-11-04,HEROMOTOCO,Non-Hld,3,2,1
2025-11-04,HFCL,Non-Hld,2,2,1
2025-11-04,HINDALCO,Non-Hld,1,3,2
2025-11-04,HINDPETRO,Non-Hld,3,1,1
2025-11-04,HINDUNILVR,Non-Hld,0,3,2
2025-11-04,HINDZINC,Non-Hld,1,3,2
2025-11-04,HUDCO,Non-Hld,1,3,2
2025-11-04,ICICIBANK,Non-Hld,0,2,1
2025-11-04,ICICIGI,Non-Hld,8,8,5
2025-11-04,ICICIPRULI,Non-Hld,6,7,4
2025-11-04,IDEA,Non-Hld,4,3,2
2025-11-04,IDFCFIRSTB,Non-Hld,2,3,2
2025-11-04,IEX,Holding,1,3,2
2025-11-04,IGL,Non-Hld,1,3,2
2025-11-04,IIFL,Non-Hld,3,4,3
2025-11-04,INDHOTEL,Non-Hld,5,3,2
2025-11-04,INDIANB,Non-Hld,4,2,2
2025-11-04,INDIGO,Holding,0,3,2
2025-11-04,INDUSINDBK,Non-Hld,1,3,2
2025-11-04,INDUSTOWER,Non-Hld,7,7,4
2025-11-04,INFY,Non-Hld,0,3,2
2025-11-04,INOXWIND,Non-Hld,2,3,2
2025-11-04,IOC,Non-Hld,8,10,6
2025-11-04,IRCTC,Holding,1,3,2
2025-11-04,IREDA,Non-Hld,0,3,2
2025-11-04,IRFC,Non-Hld,1,2,1
2025-11-04,ITC,Non-Hld,1,3,2
2025-11-04,JINDALSTEL,Non-Hld,2,2,2
2025-11-04,JIOFIN,Non-Hld,2,2,1
2025-11-04,JSWENERGY,Non-Hld,0,0,0
2025-11-04,JSWSTEEL,Non-Hld,1,3,2
2025-11-04,JUBLFOOD,Non-Hld,3,3,2
2025-11-04,KALYANKJIL,Non-Hld,7,8,5
2025-11-04,KAYNES,Non-Hld,7,7,4
2025-11-04,KEI,Non-Hld,2,3,2
2025-11-04,KFINTECH,Holding,1,3,2
2025-11-04,KOTAKBANK,Non-Hld,1,3,2
2025-11-04,KPITTECH,Non-Hld,1,2,1
2025-11-04,LAURUSLABS,Non-Hld,5,7,5
2025-11-04,LICHSGFIN,Non-Hld,2,3,2
2025-11-04,LICI,Non-Hld,2,4,3
2025-11-04,LODHA,Non-Hld,2,3,2
2025-11-04,LT,Non-Hld,1,3,2
2025-11-04,LTF,Non-Hld,7,5,1
2025-11-04,LTIM,Non-Hld,0,3,2
2025-11-04,LUPIN,Non-Hld,6,7,4
2025-11-04,M&M,Non-Hld,7,7,5
2025-11-04,MANAPPURAM,Non-Hld,1,3,2
2025-11-04,MANKIND,Non-Hld,1,3,2
2025-11-04,MARICO,Non-Hld,1,3,2
2025-11-04,MARUTI,Non-Hld,3,3,2
2025-11-04,MAXHEALTH,Non-Hld,1,3,2
2025-11-04,MAZDOCK,Non-Hld,1,2,1
2025-11-04,MCX,Holding,2,3,2
2025-11-04,MFSL,Non-Hld,8,8,5
2025-11-04,MOTHERSON,Holding,0,2,1
2025-11-04,MPHASIS,Non-Hld,1,3,2
2025-11-04,MUTHOOTFIN,Non-Hld,2,1,1
2025-11-04,NATIONALUM,Non-Hld,0,3,2
2025-11-04,NAUKRI,Non-Hld,1,3,2
2025-11-04,NBCC,Non-Hld,3,3,2
2025-11-04,NCC,Non-Hld,3,3,2
2025-11-04,NESTLEIND,Non-Hld,3,4,3
2025-11-04,NHPC,Non-Hld,1,1,0
2025-11-04,NMDC,Non-Hld,1,3,2
2025-11-04,NTPC,Non-Hld,2,2,1
2025-11-04,NUVAMA,Non-Hld,8,8,5
2025-11-04,NYKAA,Non-Hld,6,8,5
2025-11-04,OBEROIRLTY,Non-Hld,3,2,1
2025-11-04,OFSS,Non-Hld,1,2,1
2025-11-04,OIL,Non-Hld,3,4,3
2025-11-04,ONGC,Non-Hld,0,3,2
2025-11-04,PAGEIND,Non-Hld,3,2,1
2025-11-04,PATANJALI,Non-Hld,2,3,2
2025-11-04,PAYTM,Non-Hld,6,5,2
2025-11-04,PERSISTENT,Non-Hld,1,3,2
2025-11-04,PETRONET,Non-Hld,2,3,2
2025-11-04,PFC,Holding,0,2,1
2025-11-04,PGEL,Non-Hld,3,3,2
2025-11-04,PHOENIXLTD,Non-Hld,5,6,4
2025-11-04,PIDILITIND,Non-Hld,1,3,2
2025-11-04,PIIND,Non-Hld,3,3,2
2025-11-04,PNB,Non-Hld,1,2,2
2025-11-04,PNBHOUSING,Non-Hld,1,3,2
2025-11-04,POLICYBZR,Non-Hld,8,8,4
2025-11-04,POLYCAB,Non-Hld,1,3,2
2025-11-04,POWERGRID,Holding,3,2,1
2025-11-04,POWERINDIA,Non-Hld,8,7,4
2025-11-04,PPLPHARMA,Non-Hld,4,3,2
2025-11-04,PRESTIGE,Non-Hld,2,2,1
2025-11-04,RBLBANK,Non-Hld,1,3,2
2025-11-04,RECLTD,Non-Hld,1,2,1
2025-11-04,RELIANCE,Non-Hld,1,3,2
2025-11-04,RVNL,Non-Hld,0,3,2
2025-11-04,SAIL,Non-Hld,7,3,2
2025-11-04,SAMMAANCAP,Non-Hld,1,3,2
2025-11-04,SBICARD,Non-Hld,7,4,3
2025-11-04,SBILIFE,Non-Hld,6,3,2
2025-11-04,SBIN,Non-Hld,6,6,4
2025-11-04,SHREECEM,Non-Hld,1,2,1
2025-11-04,SHRIRAMFIN,Non-Hld,2,1,1
2025-11-04,SIEMENS,Holding,1,3,2
2025-11-04,SOLARINDS,Non-Hld,5,1,0
2025-11-04,SONACOMS,Non-Hld,5,2,1
2025-11-04,SRF,Non-Hld,1,3,2
2025-11-04,SUNPHARMA,Non-Hld,3,3,2
2025-11-04,SUPREMEIND,Non-Hld,1,3,2
2025-11-04,SUZLON,Non-Hld,6,5,3
2025-11-04,SYNGENE,Non-Hld,0,3,2
2025-11-04,TATACONSUM,Non-Hld,1,2,1
2025-11-04,TATAELXSI,Non-Hld,1,3,2
2025-11-04,TATAPOWER,Non-Hld,0,2,1
2025-11-04,TATASTEEL,Non-Hld,2,3,2
2025-11-04,TATATECH,Non-Hld,1,2,1
2025-11-04,TCS,Non-Hld,1,2,1
2025-11-04,TECHM,Non-Hld,1,2,1
2025-11-04,TIINDIA,Non-Hld,4,2,1
2025-11-04,TITAGARH,Non-Hld,1,2,1
2025-11-04,TITAN,Non-Hld,7,8,5
2025-11-04,TMPV,Non-Hld,2,3,2
2025-11-04,TORNTPHARM,Non-Hld,1,3,2
2025-11-04,TORNTPOWER,Non-Hld,1,3,2
2025-11-04,TRENT,Non-Hld,3,2,1
2025-11-04,TVSMOTOR,Non-Hld,0,3,2
2025-11-04,ULTRACEMCO,Non-Hld,1,3,2
2025-11-04,UNIONBANK,Non-Hld,7,5,4
2025-11-04,UNITDSPR,Non-Hld,4,3,1
2025-11-04,UNOMINDA,Non-Hld,3,3,2
2025-11-04,UPL,Non-Hld,4,3,2
2025-11-04,VBL,Non-Hld,1,2,1
2025-11-04,VEDL,Non-Hld,2,3,2
2025-11-04,VOLTAS,Non-Hld,2,3,2
2025-11-04,WIPRO,Non-Hld,1,3,2
2025-11-04,YESBANK,Non-Hld,6,8,5
2025-11-04,ZYDUSLIFE,Non-Hld,1,3,2
2025-11-06,360ONE,Non-Hld,5,3,2
2025-11-06,ABB,Holding,1,3,2
2025-11-06,ABCAPITAL,Non-Hld,1,3,2
2025-11-06,ADANIENSOL,Non-Hld,2,3,2
2025-11-06,ADANIENT,Non-Hld,5,1,0
2025-11-06,ADANIGREEN,Non-Hld,1,3,2
2025-11-06,ADANIPORTS,Non-Hld,2,3,2
2025-11-06,ALKEM,Non-Hld,3,3,2
2025-11-06,AMBER,Non-Hld,3,2,1
2025-11-06,AMBUJACEM,Non-Hld,1,3,2
2025-11-06,ANGELONE,Non-Hld,1,3,2
2025-11-06,APLAPOLLO,Non-Hld,4,6,5
2025-11-06,APOLLOHOSP,Non-Hld,6,4,3
2025-11-06,ASHOKLEY,Non-Hld,6,8,5
2025-11-06,ASIANPAINT,Non-Hld,6,8,5
2025-11-06,ASTRAL,Non-Hld,8,8,5
2025-11-06,AUBANK,Non-Hld,7,5,2
2025-11-06,AUROPHARMA,Non-Hld,4,2,1
2025-11-06,AXISBANK,Non-Hld,7,5,4
2025-11-06,BAJAJ-AUTO,Non-Hld,6,4,2
2025-11-06,BAJAJFINSV,Non-Hld,3,3,2
2025-11-06,BAJFINANCE,Non-Hld,1,3,2
2025-11-06,BANDHANBNK,Non-Hld,1,2,1
2025-11-06,BANKBARODA,Non-Hld,2,1,1
2025-11-06,BANKINDIA,Non-Hld,1,3,2
2025-11-06,BDL,Non-Hld,1,3,2
2025-11-06,BEL,Holding,1,3,2
2025-11-06,BHARATFORG,Non-Hld,3,3,2
2025-11-06,BHARTIARTL,Non-Hld,1,3,2
2025-11-06,BHEL,Non-Hld,1,3,2
2025-11-06,BIOCON,Non-Hld,6,8,5
2025-11-06,BLUESTARCO,Non-Hld,5,2,1
2025-11-06,BOSCHLTD,Non-Hld,1,3,2
2025-11-06,BPCL,Non-Hld,1,3,2
2025-11-06,BRITANNIA,Non-Hld,6,6,4
2025-11-06,BSE,Holding,3,3,2
2025-11-06,CAMS,Holding,0,3,2
2025-11-06,CANBK,Non-Hld,4,3,2
2025-11-06,CDSL,Holding,4,3,2
2025-11-06,CGPOWER,Holding,1,3,2
2025-11-06,CHOLAFIN,Non-Hld,3,3,2
2025-11-06,CIPLA,Non-Hld,2,3,2
2025-11-06,COALINDIA,Holding,4,6,4
2025-11-06,COFORGE,Non-Hld,6,4,3
2025-11-06,COLPAL,Non-Hld,5,2,1
2025-11-06,CONCOR,Non-Hld,3,1,0
2025-11-06,CROMPTON,Non-Hld,1,2,1
2025-11-06,CUMMINSIND,Non-Hld,8,3,3
2025-11-06,CYIENT,Non-Hld,1,3,2
2025-11-06,DABUR,Non-Hld,6,8,5
2025-11-06,DALBHARAT,Non-Hld,6,4,3
2025-11-06,DELHIVERY,Non-Hld,5,3,2
2025-11-06,DIVISLAB,Non-Hld,5,7,4
2025-11-06,DIXON,Non-Hld,5,2,1
2025-11-06,DLF,Non-Hld,0,3,2
2025-11-06,DMART,Non-Hld,1,3,2
2025-11-06,DRREDDY,Non-Hld,3,6,4
2025-11-06,EICHERMOT,Non-Hld,3,3,2
2025-11-06,ETERNAL,Non-Hld,1,2,1
2025-11-06,EXIDEIND,Non-Hld,4,4,3
2025-11-06,FEDERALBNK,Non-Hld,2,2,2
2025-11-06,FORTIS,Non-Hld,2,3,2
2025-11-06,GAIL,Non-Hld,0,3,2
2025-11-06,GLENMARK,Non-Hld,1,3,2
2025-11-06,GMRAIRPORT,Non-Hld,3,3,2
2025-11-06,GODREJCP,Non-Hld,2,3,2
2025-11-06,GODREJPROP,Non-Hld,2,3,2
2025-11-06,GRASIM,Non-Hld,5,1,0
2025-11-06,HAL,Non-Hld,3,2,1
2025-11-06,HAVELLS,Non-Hld,1,2,1
2025-11-06,HCLTECH,Non-Hld,4,1,1
2025-11-06,HDFCAMC,Non-Hld,3,3,2
2025-11-06,HDFCBANK,Non-Hld,7,3,2
2025-11-06,HDFCLIFE,Non-Hld,1,3,2
2025-11-06,HEROMOTOCO,Non-Hld,6,9,6
2025-11-06,HFCL,Non-Hld,0,3,2
2025-11-06,HINDALCO,Non-Hld,0,2,1
2025-11-06,HINDPETRO,Non-Hld,1,3,2
2025-11-06,HINDUNILVR,Non-Hld,2,3,2
2025-11-06,HINDZINC,Non-Hld,2,3,2
2025-11-06,HUDCO,Non-Hld,1,3,2
2025-11-06,ICICIBANK,Non-Hld,0,2,1
2025-11-06,ICICIGI,Non-Hld,3,3,2
2025-11-06,ICICIPRULI,Non-Hld,3,2,1
2025-11-06,IDEA,Non-Hld,3,3,2
2025-11-06,IDFCFIRSTB,Non-Hld,2,2,2
2025-11-06,IEX,Holding,7,3,2
2025-11-06,IGL,Non-Hld,1,3,2
2025-11-06,IIFL,Non-Hld,1,2,1
2025-11-06,INDHOTEL,Non-Hld,3,2,1
2025-11-06,INDIANB,Non-Hld,2,3,2
2025-11-06,INDIGO,Holding,7,6,4
2025-11-06,INDUSINDBK,Non-Hld,6,5,3
2025-11-06,INDUSTOWER,Non-Hld,7,8,5
2025-11-06,INFY,Non-Hld,5,4,2
2025-11-06,INOXWIND,Non-Hld,3,3,2
2025-11-06,IOC,Non-Hld,2,3,2
2025-11-06,IRCTC,Holding,1,3,2
2025-11-06,IREDA,Non-Hld,0,3,2
2025-11-06,IRFC,Non-Hld,1,2,1
2025-11-06,ITC,Non-Hld,4,3,3
2025-11-06,JINDALSTEL,Non-Hld,2,3,2
2025-11-06,JIOFIN,Non-Hld,0,3,2
2025-11-06,JSWENERGY,Non-Hld,0,2,1
2025-11-06,JSWSTEEL,Non-Hld,3,3,2
2025-11-06,JUBLFOOD,Non-Hld,1,3,2
2025-11-06,KALYANKJIL,Non-Hld,3,3,2
2025-11-06,KAYNES,Non-Hld,2,2,1
2025-11-06,KEI,Non-Hld,4,2,1
2025-11-06,KFINTECH,Holding,4,4,3
2025-11-06,KOTAKBANK,Non-Hld,1,3,2
2025-11-06,KPITTECH,Non-Hld,5,5,4
2025-11-06,LAURUSLABS,Non-Hld,5,3,2
2025-11-06,LICHSGFIN,Non-Hld,4,3,2
2025-11-06,LICI,Non-Hld,3,2,1
2025-11-06,LODHA,Non-Hld,4,7,5
2025-11-06,LT,Non-Hld,3,3,2
2025-11-06,LTF,Non-Hld,1,3,2
2025-11-06,LTIM,Non-Hld,8,8,5
2025-11-06,LUPIN,Non-Hld,2,0,0
2025-11-06,M&M,Non-Hld,5,7,5
2025-11-06,MANAPPURAM,Non-Hld,7,8,5
2025-11-06,MANKIND,Non-Hld,1,3,2
2025-11-06,MARICO,Non-Hld,0,3,2
2025-11-06,MARUTI,Non-Hld,5,4,2
2025-11-06,MAXHEALTH,Non-Hld,5,3,2
2025-11-06,MAZDOCK,Non-Hld,1,2,1
2025-11-06,MCX,Holding,6,1,1
2025-11-06,MFSL,Non-Hld,6,5,3
2025-11-06,MOTHERSON,Holding,2,3,2
2025-11-06,MPHASIS,Non-Hld,7,3,3
2025-11-06,MUTHOOTFIN,Non-Hld,5,3,4
2025-11-06,NATIONALUM,Non-Hld,0,2,2
2025-11-06,NAUKRI,Non-Hld,1,2,2
2025-11-06,NBCC,Non-Hld,1,2,1
2025-11-06,NCC,Non-Hld,4,3,2
2025-11-06,NESTLEIND,Non-Hld,7,8,6
2025-11-06,NHPC,Non-Hld,2,3,2
2025-11-06,NMDC,Non-Hld,1,3,2
2025-11-06,NTPC,Non-Hld,2,2,1
2025-11-06,NUVAMA,Non-Hld,6,8,5
2025-11-06,NYKAA,Non-Hld,1,2,1
2025-11-06,OBEROIRLTY,Non-Hld,3,2,2
2025-11-06,OFSS,Non-Hld,2,3,2
2025-11-06,OIL,Non-Hld,3,2,2
2025-11-06,ONGC,Non-Hld,4,1,1
2025-11-06,PAGEIND,Non-Hld,2,0,0
2025-11-06,PATANJALI,Non-Hld,0,3,2
2025-11-06,PAYTM,Non-Hld,8,8,5
2025-11-06,PERSISTENT,Non-Hld,5,3,2
2025-11-06,PETRONET,Non-Hld,3,3,2
2025-11-06,PFC,Holding,0,2,1
2025-11-06,PGEL,Non-Hld,3,3,2
2025-11-06,PHOENIXLTD,Non-Hld,3,3,2
2025-11-06,PIDILITIND,Non-Hld,1,3,2
2025-11-06,PIIND,Non-Hld,7,8,5
2025-11-06,PNB,Non-Hld,1,3,2
2025-11-06,PNBHOUSING,Non-Hld,1,3,2
2025-11-06,POLICYBZR,Non-Hld,3,3,2
2025-11-06,POLYCAB,Non-Hld,7,7,5
2025-11-06,POWERGRID,Holding,1,2,1
2025-11-06,POWERINDIA,Non-Hld,3,2,1
2025-11-06,PPLPHARMA,Non-Hld,5,3,2
2025-11-06,PRESTIGE,Non-Hld,2,2,1
2025-11-06,RBLBANK,Non-Hld,6,10,7
2025-11-06,RECLTD,Non-Hld,2,2,1
2025-11-06,RELIANCE,Non-Hld,6,7,4
2025-11-06,RVNL,Non-Hld,0,3,2
2025-11-06,SAIL,Non-Hld,5,3,2
2025-11-06,SAMMAANCAP,Non-Hld,5,3,2
2025-11-06,SBICARD,Non-Hld,1,3,2
2025-11-06,SBILIFE,Non-Hld,4,7,5
2025-11-06,SBIN,Non-Hld,4,3,2
2025-11-06,SHREECEM,Non-Hld,3,3,2
2025-11-06,SHRIRAMFIN,Non-Hld,2,2,1
2025-11-06,SIEMENS,Holding,0,3,2
2025-11-06,SOLARINDS,Non-Hld,1,2,1
2025-11-06,SONACOMS,Non-Hld,2,3,2
2025-11-06,SRF,Non-Hld,1,3,2
2025-11-06,SUNPHARMA,Non-Hld,6,3,2
2025-11-06,SUPREMEIND,Non-Hld,2,3,2
2025-11-06,SUZLON,Non-Hld,4,1,1
2025-11-06,SYNGENE,Non-Hld,5,2,1
2025-11-06,TATACONSUM,Non-Hld,4,8,5
2025-11-06,TATAELXSI,Non-Hld,1,2,1
2025-11-06,TATAPOWER,Non-Hld,1,2,1
2025-11-06,TATASTEEL,Non-Hld,3,3,2
2025-11-06,TATATECH,Non-Hld,3,3,2
2025-11-06,TCS,Non-Hld,6,8,5
2025-11-06,TECHM,Non-Hld,5,8,5
2025-11-06,TIINDIA,Non-Hld,5,2,1
2025-11-06,TITAGARH,Non-Hld,3,2,1
2025-11-06,TITAN,Non-Hld,1,3,2
2025-11-06,TMPV,Non-Hld,6,5,3
2025-11-06,TORNTPHARM,Non-Hld,4,4,2
2025-11-06,TORNTPOWER,Non-Hld,3,2,1
2025-11-06,TRENT,Non-Hld,7,8,5
2025-11-06,TVSMOTOR,Non-Hld,1,3,2
2025-11-06,ULTRACEMCO,Non-Hld,5,9,6
2025-11-06,UNIONBANK,Non-Hld,0,3,2
2025-11-06,UNITDSPR,Non-Hld,1,3,2
2025-11-06,UNOMINDA,Non-Hld,2,3,2
2025-11-06,UPL,Non-Hld,6,3,3
2025-11-06,VBL,Non-Hld,4,2,1
2025-11-06,VEDL,Non-Hld,2,1,1
2025-11-06,VOLTAS,Non-Hld,1,2,1
2025-11-06,WIPRO,Non-Hld,7,8,5
2025-11-06,YESBANK,Non-Hld,1,2,1
2025-11-06,ZYDUSLIFE,Non-Hld,3,1,0
2025-11-07,360ONE,Non-Hld,7,6,3
2025-11-07,ABB,Holding,2,2,1
2025-11-07,ABCAPITAL,Non-Hld,7,9,6
2025-11-07,ADANIENSOL,Non-Hld,3,3,2
2025-11-07,ADANIENT,Non-Hld,6,8,5
2025-11-07,ADANIGREEN,Non-Hld,7,5,2
2025-11-07,ADANIPORTS,Non-Hld,6,9,6
2025-11-07,ALKEM,Non-Hld,6,7,5
2025-11-07,AMBER,Non-Hld,3,2,1
2025-11-07,AMBUJACEM,Non-Hld,6,5,4
2025-11-07,ANGELONE,Non-Hld,8,8,5
2025-11-07,APLAPOLLO,Non-Hld,5,8,6
2025-11-07,APOLLOHOSP,Non-Hld,5,1,1
2025-11-07,ASHOKLEY,Non-Hld,5,9,6
2025-11-07,ASIANPAINT,Non-Hld,6,8,5
2025-11-07,ASTRAL,Non-Hld,2,2,2
2025-11-07,AUBANK,Non-Hld,7,8,5
2025-11-07,AUROPHARMA,Non-Hld,1,3,2
2025-11-07,AXISBANK,Non-Hld,6,3,2
2025-11-07,BAJAJ-AUTO,Non-Hld,5,4,3
2025-11-07,BAJAJFINSV,Non-Hld,6,9,6
2025-11-07,BAJFINANCE,Non-Hld,7,8,5
2025-11-07,BANDHANBNK,Non-Hld,7,8,5
2025-11-07,BANKBARODA,Non-Hld,8,9,6
2025-11-07,BANKINDIA,Non-Hld,8,9,6
2025-11-07,BDL,Non-Hld,6,7,3
2025-11-07,BEL,Holding,5,9,6
2025-11-07,BHARATFORG,Non-Hld,6,3,2
2025-11-07,BHARTIARTL,Non-Hld,3,2,1
2025-11-07,BHEL,Non-Hld,5,9,6
2025-11-07,BIOCON,Non-Hld,3,3,2
2025-11-07,BLUESTARCO,Non-Hld,6,4,2
2025-11-07,BOSCHLTD,Non-Hld,0,4,2
2025-11-07,BPCL,Non-Hld,6,8,5
2025-11-07,BRITANNIA,Non-Hld,8,9,6
2025-11-07,BSE,Holding,8,8,5
2025-11-07,CAMS,Holding,6,9,6
2025-11-07,CANBK,Non-Hld,6,9,6
2025-11-07,CDSL,Holding,5,9,6
2025-11-07,CGPOWER,Holding,5,2,1
2025-11-07,CHOLAFIN,Non-Hld,6,9,6
2025-11-07,CIPLA,Non-Hld,4,3,2
2025-11-07,COALINDIA,Holding,5,9,6
2025-11-07,COFORGE,Non-Hld,1,2,1
2025-11-07,COLPAL,Non-Hld,1,3,1
2025-11-07,CONCOR,Non-Hld,7,7,4
2025-11-07,CROMPTON,Non-Hld,5,2,1
2025-11-07,CUMMINSIND,Non-Hld,5,2,2
2025-11-07,CYIENT,Non-Hld,0,3,2
2025-11-07,DABUR,Non-Hld,2,3,2
2025-11-07,DALBHARAT,Non-Hld,3,3,2
2025-11-07,DELHIVERY,Non-Hld,0,3,2
2025-11-07,DIVISLAB,Non-Hld,2,0,0
2025-11-07,DIXON,Non-Hld,1,3,2
2025-11-07,DLF,Non-Hld,7,2,1
2025-11-07,DMART,Non-Hld,1,2,1
2025-11-07,DRREDDY,Non-Hld,3,4,2
2025-11-07,EICHERMOT,Non-Hld,6,9,6
2025-11-07,ETERNAL,Non-Hld,1,3,2
2025-11-07,EXIDEIND,Non-Hld,2,3,2
2025-11-07,FEDERALBNK,Non-Hld,6,9,6
2025-11-07,FORTIS,Non-Hld,8,9,6
2025-11-07,GAIL,Non-Hld,7,9,6
2025-11-07,GLENMARK,Non-Hld,7,7,4
2025-11-07,GMRAIRPORT,Non-Hld,7,9,6
2025-11-07,GODREJCP,Non-Hld,1,3,2
2025-11-07,GODREJPROP,Non-Hld,3,3,2
2025-11-07,GRASIM,Non-Hld,6,8,5
2025-11-07,HAL,Non-Hld,6,7,4
2025-11-07,HAVELLS,Non-Hld,6,2,1
2025-11-07,HCLTECH,Non-Hld,1,3,2
2025-11-07,HDFCAMC,Non-Hld,4,8,5
2025-11-07,HDFCBANK,Non-Hld,6,4,2
2025-11-07,HDFCLIFE,Non-Hld,5,9,6
2025-11-07,HEROMOTOCO,Non-Hld,2,3,2
2025-11-07,HFCL,Non-Hld,7,4,4
2025-11-07,HINDALCO,Non-Hld,6,8,5
2025-11-07,HINDPETRO,Non-Hld,6,9,6
2025-11-07,HINDUNILVR,Non-Hld,6,4,1
2025-11-07,HINDZINC,Non-Hld,5,9,6
2025-11-07,HUDCO,Non-Hld,7,9,6
2025-11-07,ICICIBANK,Non-Hld,7,7,4
2025-11-07,ICICIGI,Non-Hld,7,8,5
2025-11-07,ICICIPRULI,Non-Hld,5,9,6
2025-11-07,IDEA,Non-Hld,5,9,6
2025-11-07,IDFCFIRSTB,Non-Hld,8,9,6
2025-11-07,IEX,Holding,5,8,5
2025-11-07,IGL,Non-Hld,7,8,6
2025-11-07,IIFL,Non-Hld,6,9,6
2025-11-07,INDHOTEL,Non-Hld,2,2,1
2025-11-07,INDIANB,Non-Hld,6,9,6
2025-11-07,INDIGO,Holding,1,3,2
2025-11-07,INDUSINDBK,Non-Hld,7,9,6
2025-11-07,INDUSTOWER,Non-Hld,3,6,4
2025-11-07,INFY,Non-Hld,6,9,6
2025-11-07,INOXWIND,Non-Hld,5,3,2
2025-11-07,IOC,Non-Hld,6,9,6
2025-11-07,IRCTC,Holding,6,8,5
2025-11-07,IREDA,Non-Hld,6,7,4
2025-11-07,IRFC,Non-Hld,6,8,5
2025-11-07,ITC,Non-Hld,3,3,2
2025-11-07,JINDALSTEL,Non-Hld,6,8,5
2025-11-07,JIOFIN,Non-Hld,6,7,4
2025-11-07,JSWENERGY,Non-Hld,8,5,3
2025-11-07,JSWSTEEL,Non-Hld,7,8,5
2025-11-07,JUBLFOOD,Non-Hld,0,2,1
2025-11-07,KALYANKJIL,Non-Hld,3,4,2
2025-11-07,KAYNES,Non-Hld,6,4,2
2025-11-07,KEI,Non-Hld,6,3,3
2025-11-07,KFINTECH,Holding,5,8,5
2025-11-07,KOTAKBANK,Non-Hld,7,7,4
2025-11-07,KPITTECH,Non-Hld,1,3,2
2025-11-07,LAURUSLABS,Non-Hld,6,5,4
2025-11-07,LICHSGFIN,Non-Hld,7,7,5
2025-11-07,LICI,Non-Hld,6,8,5
2025-11-07,LODHA,Non-Hld,5,3,2
2025-11-07,LT,Non-Hld,6,3,2
2025-11-07,LTF,Non-Hld,7,7,4
2025-11-07,LTIM,Non-Hld,1,2,1
2025-11-07,LUPIN,Non-Hld,7,4,3
2025-11-07,M&M,Non-Hld,6,8,5
2025-11-07,MANAPPURAM,Non-Hld,1,3,2
2025-11-07,MANKIND,Non-Hld,6,4,2
2025-11-07,MARICO,Non-Hld,1,2,1
2025-11-07,MARUTI,Non-Hld,6,7,5
2025-11-07,MAXHEALTH,Non-Hld,7,8,5
2025-11-07,MAZDOCK,Non-Hld,5,8,5
2025-11-07,MCX,Holding,7,6,5
2025-11-07,MFSL,Non-Hld,8,9,6
2025-11-07,MOTHERSON,Holding,6,8,5
2025-11-07,MPHASIS,Non-Hld,0,3,2
2025-11-07,MUTHOOTFIN,Non-Hld,6,9,6
2025-11-07,NATIONALUM,Non-Hld,7,9,6
2025-11-07,NAUKRI,Non-Hld,7,6,3
2025-11-07,NBCC,Non-Hld,6,8,5
2025-11-07,NCC,Non-Hld,6,3,2
2025-11-07,NESTLEIND,Non-Hld,1,0,0
2025-11-07,NHPC,Non-Hld,4,4,3
2025-11-07,NMDC,Non-Hld,7,7,4
2025-11-07,NTPC,Non-Hld,7,8,5
2025-11-07,NUVAMA,Non-Hld,5,2,3
2025-11-07,NYKAA,Non-Hld,1,2,1
2025-11-07,OBEROIRLTY,Non-Hld,6,9,6
2025-11-07,OFSS,Non-Hld,2,2,1
2025-11-07,OIL,Non-Hld,7,7,4
2025-11-07,ONGC,Non-Hld,3,3,2
2025-11-07,PAGEIND,Non-Hld,6,8,6
2025-11-07,PATANJALI,Non-Hld,3,3,1
2025-11-07,PAYTM,Non-Hld,6,8,5
2025-11-07,PERSISTENT,Non-Hld,3,3,2
2025-11-07,PETRONET,Non-Hld,8,8,5
2025-11-07,PFC,Holding,0,2,1
2025-11-07,PGEL,Non-Hld,1,3,2
2025-11-07,PHOENIXLTD,Non-Hld,6,8,5
2025-11-07,PIDILITIND,Non-Hld,5,8,5
2025-11-07,PIIND,Non-Hld,4,3,3
2025-11-07,PNB,Non-Hld,6,9,6
2025-11-07,PNBHOUSING,Non-Hld,2,3,2
2025-11-07,POLICYBZR,Non-Hld,6,8,5
2025-11-07,POLYCAB,Non-Hld,3,3,2
2025-11-07,POWERGRID,Holding,7,5,5
2025-11-07,POWERINDIA,Non-Hld,7,8,5
2025-11-07,PPLPHARMA,Non-Hld,5,4,2
2025-11-07,PRESTIGE,Non-Hld,6,8,5
2025-11-07,RBLBANK,Non-Hld,7,10,7
2025-11-07,RECLTD,Non-Hld,8,6,4
2025-11-07,RELIANCE,Non-Hld,1,2,1
2025-11-07,RVNL,Non-Hld,6,8,5
2025-11-07,SAIL,Non-Hld,6,8,5
2025-11-07,SAMMAANCAP,Non-Hld,7,3,3
2025-11-07,SBICARD,Non-Hld,4,3,2
2025-11-07,SBILIFE,Non-Hld,7,8,5
2025-11-07,SBIN,Non-Hld,4,3,2
2025-11-07,SHREECEM,Non-Hld,2,0,1
2025-11-07,SHRIRAMFIN,Non-Hld,7,8,5
2025-11-07,SIEMENS,Holding,1,3,2
2025-11-07,SOLARINDS,Non-Hld,7,8,6
2025-11-07,SONACOMS,Non-Hld,5,9,6
2025-11-07,SRF,Non-Hld,6,5,2
2025-11-07,SUNPHARMA,Non-Hld,4,5,3
2025-11-07,SUPREMEIND,Non-Hld,1,2,1
2025-11-07,SUZLON,Non-Hld,1,3,2
2025-11-07,SYNGENE,Non-Hld,4,3,2
2025-11-07,TATACONSUM,Non-Hld,1,3,2
2025-11-07,TATAELXSI,Non-Hld,4,2,1
2025-11-07,TATAPOWER,Non-Hld,6,9,6
2025-11-07,TATASTEEL,Non-Hld,5,9,6
2025-11-07,TATATECH,Non-Hld,2,2,1
2025-11-07,TCS,Non-Hld,2,2,1
2025-11-07,TECHM,Non-Hld,3,2,1
2025-11-07,TIINDIA,Non-Hld,6,3,2
2025-11-07,TITAGARH,Non-Hld,1,3,2
2025-11-07,TITAN,Non-Hld,3,2,2
2025-11-07,TMPV,Non-Hld,3,3,3
2025-11-07,TORNTPHARM,Non-Hld,7,4,3
2025-11-07,TORNTPOWER,Non-Hld,7,7,4
2025-11-07,TRENT,Non-Hld,1,2,1
2025-11-07,TVSMOTOR,Non-Hld,6,7,4
2025-11-07,ULTRACEMCO,Non-Hld,4,4,1
2025-11-07,UNIONBANK,Non-Hld,5,8,5
2025-11-07,UNITDSPR,Non-Hld,6,9,6
2025-11-07,UNOMINDA,Non-Hld,4,3,2
2025-11-07,UPL,Non-Hld,6,8,5
2025-11-07,VBL,Non-Hld,3,2,1
2025-11-07,VEDL,Non-Hld,8,8,5
2025-11-07,VOLTAS,Non-Hld,7,9,6
2025-11-07,WIPRO,Non-Hld,0,2,1
2025-11-07,YESBANK,Non-Hld,8,9,6
2025-11-07,ZYDUSLIFE,Non-Hld,5,5,3
2025-11-10,360ONE,Non-Hld,8,6,4
2025-11-10,ABB,Holding,6,3,2
2025-11-10,ABCAPITAL,Non-Hld,1,2,1
2025-11-10,ADANIENSOL,Non-Hld,2,3,2
2025-11-10,ADANIENT,Non-Hld,4,4,3
2025-11-10,ADANIGREEN,Non-Hld,1,3,2
2025-11-10,ADANIPORTS,Non-Hld,1,2,1
2025-11-10,ALKEM,Non-Hld,5,7,3
2025-11-10,AMBER,Non-Hld,5,4,3
2025-11-10,AMBUJACEM,Non-Hld,2,2,1
2025-11-10,ANGELONE,Non-Hld,7,4,3
2025-11-10,APLAPOLLO,Non-Hld,6,2,2
2025-11-10,APOLLOHOSP,Non-Hld,2,2,1
2025-11-10,ASHOKLEY,Non-Hld,7,9,6
2025-11-10,ASIANPAINT,Non-Hld,8,9,6
2025-11-10,ASTRAL,Non-Hld,7,8,5
2025-11-10,AUBANK,Non-Hld,8,9,6
2025-11-10,AUROPHARMA,Non-Hld,5,9,6
2025-11-10,AXISBANK,Non-Hld,1,3,2
2025-11-10,BAJAJ-AUTO,Non-Hld,5,4,2
2025-11-10,BAJAJFINSV,Non-Hld,7,9,6
2025-11-10,BAJFINANCE,Non-Hld,7,8,5
2025-11-10,BANDHANBNK,Non-Hld,4,3,2
2025-11-10,BANKBARODA,Non-Hld,3,3,2
2025-11-10,BANKINDIA,Non-Hld,8,8,5
2025-11-10,BDL,Non-Hld,5,9,6
2025-11-10,BEL,Holding,7,8,5
2025-11-10,BHARATFORG,Non-Hld,7,8,5
2025-11-10,BHARTIARTL,Non-Hld,6,9,6
2025-11-10,BHEL,Non-Hld,7,8,5
2025-11-10,BIOCON,Non-Hld,7,7,4
2025-11-10,BLUESTARCO,Non-Hld,7,4,3
2025-11-10,BOSCHLTD,Non-Hld,6,9,6
2025-11-10,BPCL,Non-Hld,2,2,2
2025-11-10,BRITANNIA,Non-Hld,4,2,1
2025-11-10,BSE,Holding,2,3,2
2025-11-10,CAMS,Holding,5,7,5
2025-11-10,CANBK,Non-Hld,6,5,4
2025-11-10,CDSL,Holding,6,4,3
2025-11-10,CGPOWER,Holding,6,9,6
2025-11-10,CHOLAFIN,Non-Hld,8,8,5
2025-11-10,CIPLA,Non-Hld,4,7,6
2025-11-10,COALINDIA,Holding,6,9,6
2025-11-10,COFORGE,Non-Hld,6,9,6
2025-11-10,COLPAL,Non-Hld,7,5,4
2025-11-10,CONCOR,Non-Hld,1,3,3
2025-11-10,CROMPTON,Non-Hld,6,8,5
2025-11-10,CUMMINSIND,Non-Hld,4,6,4
2025-11-10,CYIENT,Non-Hld,6,9,6
2025-11-10,DABUR,Non-Hld,2,3,2
2025-11-10,DALBHARAT,Non-Hld,7,8,5
2025-11-10,DELHIVERY,Non-Hld,6,3,2
2025-11-10,DIVISLAB,Non-Hld,7,5,4
2025-11-10,DIXON,Non-Hld,7,4,3
2025-11-10,DLF,Non-Hld,7,7,5
2025-11-10,DMART,Non-Hld,7,5,4
2025-11-10,DRREDDY,Non-Hld,2,1,0
2025-11-10,EICHERMOT,Non-Hld,4,0,2
2025-11-10,ETERNAL,Non-Hld,3,3,2
2025-11-10,EXIDEIND,Non-Hld,7,7,4
2025-11-10,FEDERALBNK,Non-Hld,5,7,6
2025-11-10,FORTIS,Non-Hld,3,3,2
2025-11-10,GAIL,Non-Hld,6,8,6
2025-11-10,GLENMARK,Non-Hld,8,9,6
2025-11-10,GMRAIRPORT,Non-Hld,3,3,2
2025-11-10,GODREJCP,Non-Hld,6,7,5
2025-11-10,GODREJPROP,Non-Hld,7,9,6
2025-11-10,GRASIM,Non-Hld,5,6,4
2025-11-10,HAL,Non-Hld,7,8,5
2025-11-10,HAVELLS,Non-Hld,6,8,6
2025-11-10,HCLTECH,Non-Hld,8,9,6
2025-11-10,HDFCAMC,Non-Hld,5,7,4
2025-11-10,HDFCBANK,Non-Hld,6,7,4
2025-11-10,HDFCLIFE,Non-Hld,4,7,4
2025-11-10,HEROMOTOCO,Non-Hld,5,9,6
2025-11-10,HFCL,Non-Hld,2,3,2
2025-11-10,HINDALCO,Non-Hld,4,2,2
2025-11-10,HINDPETRO,Non-Hld,7,8,5
2025-11-10,HINDUNILVR,Non-Hld,6,3,3
2025-11-10,HINDZINC,Non-Hld,5,9,6
2025-11-10,HUDCO,Non-Hld,7,9,6
2025-11-10,ICICIBANK,Non-Hld,6,8,5
2025-11-10,ICICIGI,Non-Hld,7,6,4
2025-11-10,ICICIPRULI,Non-Hld,2,3,2
2025-11-10,IDEA,Non-Hld,2,3,2
2025-11-10,IDFCFIRSTB,Non-Hld,5,3,2
2025-11-10,IEX,Holding,7,4,4
2025-11-10,IGL,Non-Hld,1,3,2
2025-11-10,IIFL,Non-Hld,7,8,5
2025-11-10,INDHOTEL,Non-Hld,4,7,4
2025-11-10,INDIANB,Non-Hld,7,3,3
2025-11-10,INDIGO,Holding,6,3,2
2025-11-10,INDUSINDBK,Non-Hld,6,5,4
2025-11-10,INDUSTOWER,Non-Hld,4,3,3
2025-11-10,INFY,Non-Hld,7,8,5
2025-11-10,INOXWIND,Non-Hld,7,9,6
2025-11-10,IOC,Non-Hld,5,8,5
2025-11-10,IRCTC,Holding,6,8,6
2025-11-10,IREDA,Non-Hld,2,2,2
2025-11-10,IRFC,Non-Hld,1,2,2
2025-11-10,ITC,Non-Hld,7,4,3
2025-11-10,JINDALSTEL,Non-Hld,7,6,4
2025-11-10,JIOFIN,Non-Hld,9,7,5
2025-11-10,JSWENERGY,Non-Hld,8,8,5
2025-11-10,JSWSTEEL,Non-Hld,7,9,6
2025-11-10,JUBLFOOD,Non-Hld,7,8,5
2025-11-10,KALYANKJIL,Non-Hld,6,3,2
2025-11-10,KAYNES,Non-Hld,6,8,5
2025-11-10,KEI,Non-Hld,5,9,6
2025-11-10,KFINTECH,Holding,1,3,2
2025-11-10,KOTAKBANK,Non-Hld,8,7,5
2025-11-10,KPITTECH,Non-Hld,8,8,5
2025-11-10,LAURUSLABS,Non-Hld,6,7,4
2025-11-10,LICHSGFIN,Non-Hld,4,4,3
2025-11-10,LICI,Non-Hld,1,2,1
2025-11-10,LODHA,Non-Hld,1,3,2
2025-11-10,LT,Non-Hld,6,9,6
2025-11-10,LTF,Non-Hld,6,2,1
2025-11-10,LTIM,Non-Hld,6,8,5
2025-11-10,LUPIN,Non-Hld,6,7,6
2025-11-10,M&M,Non-Hld,2,4,2
2025-11-10,MANAPPURAM,Non-Hld,8,9,6
2025-11-10,MANKIND,Non-Hld,5,3,2
2025-11-10,MARICO,Non-Hld,7,8,5
2025-11-10,MARUTI,Non-Hld,8,8,5
2025-11-10,MAXHEALTH,Non-Hld,5,2,1
2025-11-10,MAZDOCK,Non-Hld,5,7,5
2025-11-10,MCX,Holding,7,9,6
2025-11-10,MFSL,Non-Hld,3,7,4
2025-11-10,MOTHERSON,Holding,0,3,2
2025-11-10,MPHASIS,Non-Hld,5,5,3
2025-11-10,MUTHOOTFIN,Non-Hld,8,9,6
2025-11-10,NATIONALUM,Non-Hld,7,8,5
2025-11-10,NAUKRI,Non-Hld,7,7,4
2025-11-10,NBCC,Non-Hld,5,4,3
2025-11-10,NCC,Non-Hld,2,3,2
2025-11-10,NESTLEIND,Non-Hld,7,4,3
2025-11-10,NHPC,Non-Hld,6,7,4
2025-11-10,NMDC,Non-Hld,5,9,6
2025-11-10,NTPC,Non-Hld,4,3,2
2025-11-10,NUVAMA,Non-Hld,8,8,5
2025-11-10,NYKAA,Non-Hld,7,8,5
2025-11-10,OBEROIRLTY,Non-Hld,3,3,2
2025-11-10,OFSS,Non-Hld,6,9,6
2025-11-10,OIL,Non-Hld,1,2,1
2025-11-10,ONGC,Non-Hld,6,4,2
2025-11-10,PAGEIND,Non-Hld,6,8,5
2025-11-10,PATANJALI,Non-Hld,5,9,6
2025-11-10,PAYTM,Non-Hld,2,2,3
2025-11-10,PERSISTENT,Non-Hld,7,9,6
2025-11-10,PETRONET,Non-Hld,6,3,2
2025-11-10,PFC,Holding,4,3,2
2025-11-10,PGEL,Non-Hld,7,8,5
2025-11-10,PHOENIXLTD,Non-Hld,2,2,1
2025-11-10,PIDILITIND,Non-Hld,3,5,4
2025-11-10,PIIND,Non-Hld,8,8,5
2025-11-10,PNB,Non-Hld,6,2,2
2025-11-10,PNBHOUSING,Non-Hld,6,6,4
2025-11-10,POLICYBZR,Non-Hld,5,9,6
2025-11-10,POLYCAB,Non-Hld,5,8,5
2025-11-10,POWERGRID,Holding,6,6,4
2025-11-10,POWERINDIA,Non-Hld,9,9,6
2025-11-10,PPLPHARMA,Non-Hld,5,4,2
2025-11-10,PRESTIGE,Non-Hld,8,9,6
2025-11-10,RBLBANK,Non-Hld,3,3,2
2025-11-10,RECLTD,Non-Hld,1,3,2
2025-11-10,RELIANCE,Non-Hld,6,7,5
2025-11-10,RVNL,Non-Hld,2,3,2
2025-11-10,SAIL,Non-Hld,7,8,5
2025-11-10,SAMMAANCAP,Non-Hld,3,3,2
2025-11-10,SBICARD,Non-Hld,5,7,6
2025-11-10,SBILIFE,Non-Hld,1,2,0
2025-11-10,SBIN,Non-Hld,1,3,2
2025-11-10,SHREECEM,Non-Hld,1,2,1
2025-11-10,SHRIRAMFIN,Non-Hld,8,9,6
2025-11-10,SIEMENS,Holding,7,9,6
2025-11-10,SOLARINDS,Non-Hld,2,2,1
2025-11-10,SONACOMS,Non-Hld,2,3,2
2025-11-10,SRF,Non-Hld,6,4,3
2025-11-10,SUNPHARMA,Non-Hld,7,8,6
2025-11-10,SUPREMEIND,Non-Hld,8,8,5
2025-11-10,SUZLON,Non-Hld,6,4,3
2025-11-10,SYNGENE,Non-Hld,4,7,4
2025-11-10,TATACONSUM,Non-Hld,0,3,2
2025-11-10,TATAELXSI,Non-Hld,7,6,4
2025-11-10,TATAPOWER,Non-Hld,7,9,6
2025-11-10,TATASTEEL,Non-Hld,6,3,2
2025-11-10,TATATECH,Non-Hld,5,9,6
2025-11-10,TCS,Non-Hld,6,7,4
2025-11-10,TECHM,Non-Hld,7,8,5
2025-11-10,TIINDIA,Non-Hld,8,5,4
2025-11-10,TITAGARH,Non-Hld,5,9,6
2025-11-10,TITAN,Non-Hld,8,9,6
2025-11-10,TMPV,Non-Hld,5,9,6
2025-11-10,TORNTPHARM,Non-Hld,8,8,5
2025-11-10,TORNTPOWER,Non-Hld,6,9,6
2025-11-10,TRENT,Non-Hld,1,2,1
2025-11-10,TVSMOTOR,Non-Hld,5,9,6
2025-11-10,ULTRACEMCO,Non-Hld,1,3,2
2025-11-10,UNIONBANK,Non-Hld,5,5,3
2025-11-10,UNITDSPR,Non-Hld,1,3,2
2025-11-10,UNOMINDA,Non-Hld,8,7,4
2025-11-10,UPL,Non-Hld,6,6,4
2025-11-10,VBL,Non-Hld,1,2,1
2025-11-10,VEDL,Non-Hld,7,9,6
2025-11-10,VOLTAS,Non-Hld,7,8,5
2025-11-10,WIPRO,Non-Hld,5,9,6
2025-11-10,YESBANK,Non-Hld,5,1,2
2025-11-10,ZYDUSLIFE,Non-Hld,3,6,4
2025-11-11,360ONE,Non-Hld,7,7,4
2025-11-11,ABB,Holding,2,3,2
2025-11-11,ABCAPITAL,Non-Hld,3,3,2
2025-11-11,ADANIENSOL,Non-Hld,8,9,6
2025-11-11,ADANIENT,Non-Hld,1,7,4
2025-11-11,ADANIGREEN,Non-Hld,7,7,4
2025-11-11,ADANIPORTS,Non-Hld,6,8,5
2025-11-11,ALKEM,Non-Hld,7,5,4
2025-11-11,AMBER,Non-Hld,7,8,5
2025-11-11,AMBUJACEM,Non-Hld,7,4,3
2025-11-11,ANGELONE,Non-Hld,6,9,6
2025-11-11,APLAPOLLO,Non-Hld,1,1,1
2025-11-11,APOLLOHOSP,Non-Hld,0,3,2
2025-11-11,ASHOKLEY,Non-Hld,5,9,6
2025-11-11,ASIANPAINT,Non-Hld,6,9,6
2025-11-11,ASTRAL,Non-Hld,3,4,2
2025-11-11,AUBANK,Non-Hld,1,3,2
2025-11-11,AUROPHARMA,Non-Hld,5,8,5
2025-11-11,AXISBANK,Non-Hld,7,9,6
2025-11-11,BAJAJ-AUTO,Non-Hld,5,9,6
2025-11-11,BAJAJFINSV,Non-Hld,2,2,1
2025-11-11,BAJFINANCE,Non-Hld,3,2,1
2025-11-11,BANDHANBNK,Non-Hld,3,2,1
2025-11-11,BANKBARODA,Non-Hld,1,3,2
2025-11-11,BANKINDIA,Non-Hld,5,3,2
2025-11-11,BDL,Non-Hld,6,8,5
2025-11-11,BEL,Holding,6,8,5
2025-11-11,BHARATFORG,Non-Hld,8,8,5
2025-11-11,BHARTIARTL,Non-Hld,7,8,5
2025-11-11,BHEL,Non-Hld,7,8,5
2025-11-11,BIOCON,Non-Hld,8,7,4
2025-11-11,BLUESTARCO,Non-Hld,6,5,4
2025-11-11,BOSCHLTD,Non-Hld,3,3,2
2025-11-11,BPCL,Non-Hld,8,9,6
2025-11-11,BRITANNIA,Non-Hld,1,2,1
2025-11-11,BSE,Holding,7,8,5
2025-11-11,CAMS,Holding,6,8,5
2025-11-11,CANBK,Non-Hld,3,2,1
2025-11-11,CDSL,Holding,6,9,6
2025-11-11,CGPOWER,Holding,1,3,2
2025-11-11,CHOLAFIN,Non-Hld,2,3,2
2025-11-11,CIPLA,Non-Hld,3,3,2
2025-11-11,COALINDIA,Holding,7,8,6
2025-11-11,COFORGE,Non-Hld,7,9,6
2025-11-11,COLPAL,Non-Hld,7,7,4
2025-11-11,CONCOR,Non-Hld,7,9,6
2025-11-11,CROMPTON,Non-Hld,6,4,2
2025-11-11,CUMMINSIND,Non-Hld,6,8,5
2025-11-11,CYIENT,Non-Hld,7,9,6
2025-11-11,DABUR,Non-Hld,8,8,5
2025-11-11,DALBHARAT,Non-Hld,3,2,1
2025-11-11,DELHIVERY,Non-Hld,6,9,6
2025-11-11,DIVISLAB,Non-Hld,1,3,2
2025-11-11,DIXON,Non-Hld,6,9,6
2025-11-11,DLF,Non-Hld,5,8,5
2025-11-11,DMART,Non-Hld,4,9,6
2025-11-11,DRREDDY,Non-Hld,6,8,5
2025-11-11,EICHERMOT,Non-Hld,7,7,5
2025-11-11,ETERNAL,Non-Hld,7,9,6
2025-11-11,EXIDEIND,Non-Hld,0,2,1
2025-11-11,FEDERALBNK,Non-Hld,1,2,2
2025-11-11,FORTIS,Non-Hld,4,3,1
2025-11-11,GAIL,Non-Hld,5,9,6
2025-11-11,GLENMARK,Non-Hld,2,3,2
2025-11-11,GMRAIRPORT,Non-Hld,3,7,4
2025-11-11,GODREJCP,Non-Hld,6,7,4
2025-11-11,GODREJPROP,Non-Hld,2,3,2
2025-11-11,GRASIM,Non-Hld,5,9,6
2025-11-11,HAL,Non-Hld,6,9,6
2025-11-11,HAVELLS,Non-Hld,1,3,2
2025-11-11,HCLTECH,Non-Hld,6,9,6
2025-11-11,HDFCAMC,Non-Hld,2,3,2
2025-11-11,HDFCBANK,Non-Hld,6,9,6
2025-11-11,HDFCLIFE,Non-Hld,6,8,5
2025-11-11,HEROMOTOCO,Non-Hld,7,8,5
2025-11-11,HFCL,Non-Hld,5,8,5
2025-11-11,HINDALCO,Non-Hld,4,7,4
2025-11-11,HINDPETRO,Non-Hld,7,9,6
2025-11-11,HINDUNILVR,Non-Hld,5,7,4
2025-11-11,HINDZINC,Non-Hld,6,9,6
2025-11-11,HUDCO,Non-Hld,5,2,1
2025-11-11,ICICIBANK,Non-Hld,4,6,3
2025-11-11,ICICIGI,Non-Hld,0,3,2
2025-11-11,ICICIPRULI,Non-Hld,6,8,5
2025-11-11,IDEA,Non-Hld,6,8,5
2025-11-11,IDFCFIRSTB,Non-Hld,2,3,2
2025-11-11,IEX,Holding,6,5,3
2025-11-11,IGL,Non-Hld,3,7,4
2025-11-11,IIFL,Non-Hld,5,3,2
2025-11-11,INDHOTEL,Non-Hld,1,3,2
2025-11-11,INDIANB,Non-Hld,4,4,2
2025-11-11,INDIGO,Holding,6,9,6
2025-11-11,INDUSINDBK,Non-Hld,6,7,4
2025-11-11,INDUSTOWER,Non-Hld,6,9,6
2025-11-11,INFY,Non-Hld,6,7,5
2025-11-11,INOXWIND,Non-Hld,3,3,2
2025-11-11,IOC,Non-Hld,5,8,5
2025-11-11,IRCTC,Holding,7,8,5
2025-11-11,IREDA,Non-Hld,7,5,3
2025-11-11,IRFC,Non-Hld,6,8,5
2025-11-11,ITC,Non-Hld,8,7,5
2025-11-11,JINDALSTEL,Non-Hld,7,9,6
2025-11-11,JIOFIN,Non-Hld,7,9,6
2025-11-11,JSWENERGY,Non-Hld,6,7,5
2025-11-11,JSWSTEEL,Non-Hld,7,8,5
2025-11-11,JUBLFOOD,Non-Hld,3,3,2
2025-11-11,KALYANKJIL,Non-Hld,3,2,1
2025-11-11,KAYNES,Non-Hld,3,2,2
2025-11-11,KEI,Non-Hld,5,9,6
2025-11-11,KFINTECH,Holding,3,5,3
2025-11-11,KOTAKBANK,Non-Hld,3,3,2
2025-11-11,KPITTECH,Non-Hld,4,5,3
2025-11-11,LAURUSLABS,Non-Hld,1,3,2
2025-11-11,LICHSGFIN,Non-Hld,2,2,1
2025-11-11,LICI,Non-Hld,7,6,4
2025-11-11,LODHA,Non-Hld,6,9,6
2025-11-11,LT,Non-Hld,6,8,5
2025-11-11,LTF,Non-Hld,2,3,2
2025-11-11,LTIM,Non-Hld,8,9,6
2025-11-11,LUPIN,Non-Hld,1,3,2
2025-11-11,M&M,Non-Hld,7,8,5
2025-11-11,MANAPPURAM,Non-Hld,1,3,2
2025-11-11,MANKIND,Non-Hld,4,3,3
2025-11-11,MARICO,Non-Hld,2,4,3
2025-11-11,MARUTI,Non-Hld,5,6,4
2025-11-11,MAXHEALTH,Non-Hld,6,5,3
2025-11-11,MAZDOCK,Non-Hld,7,7,4
2025-11-11,MCX,Holding,2,1,0
2025-11-11,MFSL,Non-Hld,6,8,5
2025-11-11,MOTHERSON,Holding,6,9,6
2025-11-11,MPHASIS,Non-Hld,4,9,6
2025-11-11,MUTHOOTFIN,Non-Hld,8,8,5
2025-11-11,NATIONALUM,Non-Hld,8,8,5
2025-11-11,NAUKRI,Non-Hld,6,4,2
2025-11-11,NBCC,Non-Hld,7,8,5
2025-11-11,NCC,Non-Hld,6,3,2
2025-11-11,NESTLEIND,Non-Hld,6,8,5
2025-11-11,NHPC,Non-Hld,2,3,2
2025-11-11,NMDC,Non-Hld,6,9,6
2025-11-11,NTPC,Non-Hld,6,7,4
2025-11-11,NUVAMA,Non-Hld,3,3,2
2025-11-11,NYKAA,Non-Hld,3,2,1
2025-11-11,OBEROIRLTY,Non-Hld,1,3,2
2025-11-11,OFSS,Non-Hld,5,8,5
2025-11-11,OIL,Non-Hld,6,8,5
2025-11-11,ONGC,Non-Hld,5,3,2
2025-11-11,PAGEIND,Non-Hld,5,2,2
2025-11-11,PATANJALI,Non-Hld,6,3,3
2025-11-11,PAYTM,Non-Hld,6,3,2
2025-11-11,PERSISTENT,Non-Hld,7,8,5
2025-11-11,PETRONET,Non-Hld,3,2,1
2025-11-11,PFC,Holding,3,2,1
2025-11-11,PGEL,Non-Hld,4,5,6
2025-11-11,PHOENIXLTD,Non-Hld,1,3,2
2025-11-11,PIDILITIND,Non-Hld,5,6,4
2025-11-11,PIIND,Non-Hld,2,2,1
2025-11-11,PNB,Non-Hld,5,2,1
2025-11-11,PNBHOUSING,Non-Hld,1,2,1
2025-11-11,POLICYBZR,Non-Hld,5,3,1
2025-11-11,POLYCAB,Non-Hld,8,8,5
2025-11-11,POWERGRID,Holding,5,4,2
2025-11-11,POWERINDIA,Non-Hld,8,9,6
2025-11-11,PPLPHARMA,Non-Hld,1,3,2
2025-11-11,PRESTIGE,Non-Hld,4,8,5
2025-11-11,RBLBANK,Non-Hld,4,1,1
2025-11-11,RECLTD,Non-Hld,7,3,2
2025-11-11,RELIANCE,Non-Hld,6,9,6
2025-11-11,RVNL,Non-Hld,7,6,4
2025-11-11,SAIL,Non-Hld,0,0,0
2025-11-11,SAMMAANCAP,Non-Hld,4,2,1
2025-11-11,SBICARD,Non-Hld,1,2,1
2025-11-11,SBILIFE,Non-Hld,6,8,6
2025-11-11,SBIN,Non-Hld,6,7,4
2025-11-11,SHREECEM,Non-Hld,4,2,1
2025-11-11,SHRIRAMFIN,Non-Hld,6,9,6
2025-11-11,SIEMENS,Holding,0,3,2
2025-11-11,SOLARINDS,Non-Hld,7,8,5
2025-11-11,SONACOMS,Non-Hld,6,8,6
2025-11-11,SRF,Non-Hld,7,8,5
2025-11-11,SUNPHARMA,Non-Hld,6,9,6
2025-11-11,SUPREMEIND,Non-Hld,5,4,4
2025-11-11,SUZLON,Non-Hld,3,7,4
2025-11-11,SYNGENE,Non-Hld,7,9,6
2025-11-11,TATACONSUM,Non-Hld,6,8,5
2025-11-11,TATAELXSI,Non-Hld,8,9,6
2025-11-11,TATAPOWER,Non-Hld,6,2,2
2025-11-11,TATASTEEL,Non-Hld,4,3,2
2025-11-11,TATATECH,Non-Hld,8,9,6
2025-11-11,TCS,Non-Hld,5,8,5
2025-11-11,TECHM,Non-Hld,8,9,6
2025-11-11,TIINDIA,Non-Hld,8,7,5
2025-11-11,TITAGARH,Non-Hld,5,9,6
2025-11-11,TITAN,Non-Hld,6,5,4
2025-11-11,TMPV,Non-Hld,2,2,1
2025-11-11,TORNTPHARM,Non-Hld,4,4,3
2025-11-11,TORNTPOWER,Non-Hld,6,9,6
2025-11-11,TRENT,Non-Hld,3,6,4
2025-11-11,TVSMOTOR,Non-Hld,1,3,2
2025-11-11,ULTRACEMCO,Non-Hld,7,8,5
2025-11-11,UNIONBANK,Non-Hld,1,3,2
2025-11-11,UNITDSPR,Non-Hld,7,5,4
2025-11-11,UNOMINDA,Non-Hld,4,2,1
2025-11-11,UPL,Non-Hld,5,8,6
2025-11-11,VBL,Non-Hld,5,9,6
2025-11-11,VEDL,Non-Hld,7,8,5
2025-11-11,VOLTAS,Non-Hld,2,2,1
2025-11-11,WIPRO,Non-Hld,6,9,6
2025-11-11,YESBANK,Non-Hld,1,2,1
2025-11-11,ZYDUSLIFE,Non-Hld,2,3,2
2025-11-12,360ONE,Non-Hld,7,8,5
2025-11-12,ABB,Holding,0,2,1
2025-11-12,ABCAPITAL,Non-Hld,5,3,2
2025-11-12,ADANIENSOL,Non-Hld,7,9,6
2025-11-12,ADANIENT,Non-Hld,6,8,5
2025-11-12,ADANIGREEN,Non-Hld,7,9,6
2025-11-12,ADANIPORTS,Non-Hld,6,9,6
2025-11-12,ALKEM,Non-Hld,6,8,5
2025-11-12,AMBER,Non-Hld,7,7,5
2025-11-12,AMBUJACEM,Non-Hld,3,8,5
2025-11-12,ANGELONE,Non-Hld,7,8,5
2025-11-12,APLAPOLLO,Non-Hld,5,6,5
2025-11-12,APOLLOHOSP,Non-Hld,7,5,4
2025-11-12,ASHOKLEY,Non-Hld,3,2,1
2025-11-12,ASIANPAINT,Non-Hld,7,7,4
2025-11-12,ASTRAL,Non-Hld,8,9,6
2025-11-12,AUBANK,Non-Hld,2,3,2
2025-11-12,AUROPHARMA,Non-Hld,6,8,5
2025-11-12,AXISBANK,Non-Hld,1,3,2
2025-11-12,BAJAJ-AUTO,Non-Hld,1,3,2
2025-11-12,BAJAJFINSV,Non-Hld,5,7,4
2025-11-12,BAJFINANCE,Non-Hld,5,6,4
2025-11-12,BANDHANBNK,Non-Hld,5,8,5
2025-11-12,BANKBARODA,Non-Hld,1,0,0
2025-11-12,BANKINDIA,Non-Hld,7,8,5
2025-11-12,BDL,Non-Hld,6,2,1
2025-11-12,BEL,Holding,1,3,2
2025-11-12,BHARATFORG,Non-Hld,2,1,1
2025-11-12,BHARTIARTL,Non-Hld,6,8,5
2025-11-12,BHEL,Non-Hld,5,8,6
2025-11-12,BIOCON,Non-Hld,7,8,5
2025-11-12,BLUESTARCO,Non-Hld,8,8,5
2025-11-12,BOSCHLTD,Non-Hld,6,5,4
2025-11-12,BPCL,Non-Hld,5,7,5
2025-11-12,BRITANNIA,Non-Hld,3,3,2
2025-11-12,BSE,Holding,6,7,4
2025-11-12,CAMS,Holding,8,8,5
2025-11-12,CANBK,Non-Hld,7,8,5
2025-11-12,CDSL,Holding,7,9,6
2025-11-12,CGPOWER,Holding,7,8,5
2025-11-12,CHOLAFIN,Non-Hld,2,3,2
2025-11-12,CIPLA,Non-Hld,6,9,6
2025-11-12,COALINDIA,Holding,6,9,6
2025-11-12,COFORGE,Non-Hld,5,8,6
2025-11-12,COLPAL,Non-Hld,5,5,4
2025-11-12,CONCOR,Non-Hld,5,5,4
2025-11-12,CROMPTON,Non-Hld,9,9,6
2025-11-12,CUMMINSIND,Non-Hld,6,3,2
2025-11-12,CYIENT,Non-Hld,7,7,6
2025-11-12,DABUR,Non-Hld,7,7,5
2025-11-12,DALBHARAT,Non-Hld,5,2,2
2025-11-12,DELHIVERY,Non-Hld,7,5,4
2025-11-12,DIVISLAB,Non-Hld,5,3,2
2025-11-12,DIXON,Non-Hld,7,8,5
2025-11-12,DLF,Non-Hld,1,3,2
2025-11-12,DMART,Non-Hld,6,4,3
2025-11-12,DRREDDY,Non-Hld,5,5,3
2025-11-12,EICHERMOT,Non-Hld,2,2,1
2025-11-12,ETERNAL,Non-Hld,7,8,5
2025-11-12,EXIDEIND,Non-Hld,6,9,6
2025-11-12,FEDERALBNK,Non-Hld,6,8,5
2025-11-12,FORTIS,Non-Hld,3,2,1
2025-11-12,GAIL,Non-Hld,6,3,2
2025-11-12,GLENMARK,Non-Hld,7,9,6
2025-11-12,GMRAIRPORT,Non-Hld,4,3,2
2025-11-12,GODREJCP,Non-Hld,3,1,2
2025-11-12,GODREJPROP,Non-Hld,5,8,5
2025-11-12,GRASIM,Non-Hld,1,3,2
2025-11-12,HAL,Non-Hld,1,1,0
2025-11-12,HAVELLS,Non-Hld,7,9,6
2025-11-12,HCLTECH,Non-Hld,7,9,6
2025-11-12,HDFCAMC,Non-Hld,4,4,3
2025-11-12,HDFCBANK,Non-Hld,3,3,2
2025-11-12,HDFCLIFE,Non-Hld,7,8,5
2025-11-12,HEROMOTOCO,Non-Hld,8,9,6
2025-11-12,HFCL,Non-Hld,2,2,1
2025-11-12,HINDALCO,Non-Hld,6,4,3
2025-11-12,HINDPETRO,Non-Hld,4,4,2
2025-11-12,HINDUNILVR,Non-Hld,6,5,3
2025-11-12,HINDZINC,Non-Hld,3,3,2
2025-11-12,HUDCO,Non-Hld,3,3,2
2025-11-12,ICICIBANK,Non-Hld,4,3,2
2025-11-12,ICICIGI,Non-Hld,7,9,6
2025-11-12,ICICIPRULI,Non-Hld,7,8,5
2025-11-12,IDEA,Non-Hld,6,8,5
2025-11-12,IDFCFIRSTB,Non-Hld,4,9,6
2025-11-12,IEX,Holding,6,2,2
2025-11-12,IGL,Non-Hld,8,9,6
2025-11-12,IIFL,Non-Hld,3,2,1
2025-11-12,INDHOTEL,Non-Hld,3,8,5
2025-11-12,INDIANB,Non-Hld,2,4,3
2025-11-12,INDIGO,Holding,3,3,2
2025-11-12,INDUSINDBK,Non-Hld,7,7,4
2025-11-12,INDUSTOWER,Non-Hld,8,9,6
2025-11-12,INFY,Non-Hld,7,8,5
2025-11-12,INOXWIND,Non-Hld,2,2,1
2025-11-12,IOC,Non-Hld,5,3,2
2025-11-12,IRCTC,Holding,7,8,5
2025-11-12,IREDA,Non-Hld,6,8,6
2025-11-12,IRFC,Non-Hld,3,3,2
2025-11-12,ITC,Non-Hld,7,4,3
2025-11-12,JINDALSTEL,Non-Hld,3,3,3
2025-11-12,JIOFIN,Non-Hld,6,9,6
2025-11-12,JSWENERGY,Non-Hld,3,4,2
2025-11-12,JSWSTEEL,Non-Hld,2,2,1
2025-11-12,JUBLFOOD,Non-Hld,6,9,6
2025-11-12,KALYANKJIL,Non-Hld,3,4,3
2025-11-12,KAYNES,Non-Hld,1,2,2
2025-11-12,KEI,Non-Hld,4,3,3
2025-11-12,KFINTECH,Holding,6,7,5
2025-11-12,KOTAKBANK,Non-Hld,3,1,2
2025-11-12,KPITTECH,Non-Hld,7,9,6
2025-11-12,LAURUSLABS,Non-Hld,5,3,2
2025-11-12,LICHSGFIN,Non-Hld,6,9,6
2025-11-12,LICI,Non-Hld,2,2,1
2025-11-12,LODHA,Non-Hld,1,3,2
2025-11-12,LT,Non-Hld,5,3,2
2025-11-12,LTF,Non-Hld,2,2,1
2025-11-12,LTIM,Non-Hld,8,8,5
2025-11-12,LUPIN,Non-Hld,5,8,5
2025-11-12,M&M,Non-Hld,5,4,3
2025-11-12,MANAPPURAM,Non-Hld,6,4,2
2025-11-12,MANKIND,Non-Hld,5,9,6
2025-11-12,MARICO,Non-Hld,8,9,6
2025-11-12,MARUTI,Non-Hld,5,6,4
2025-11-12,MAXHEALTH,Non-Hld,7,6,4
2025-11-12,MAZDOCK,Non-Hld,3,3,2
2025-11-12,MCX,Holding,2,3,2
2025-11-12,MFSL,Non-Hld,7,8,5
2025-11-12,MOTHERSON,Holding,7,5,3
2025-11-12,MPHASIS,Non-Hld,5,7,5
2025-11-12,MUTHOOTFIN,Non-Hld,1,3,2
2025-11-12,NATIONALUM,Non-Hld,6,7,4
2025-11-12,NAUKRI,Non-Hld,8,8,5
2025-11-12,NBCC,Non-Hld,1,3,2
2025-11-12,NCC,Non-Hld,1,3,2
2025-11-12,NESTLEIND,Non-Hld,5,9,6
2025-11-12,NHPC,Non-Hld,3,3,2
2025-11-12,NMDC,Non-Hld,5,8,5
2025-11-12,NTPC,Non-Hld,7,4,3
2025-11-12,NUVAMA,Non-Hld,6,4,4
2025-11-12,NYKAA,Non-Hld,2,3,2
2025-11-12,OBEROIRLTY,Non-Hld,2,3,2
2025-11-12,OFSS,Non-Hld,6,9,6
2025-11-12,OIL,Non-Hld,8,8,5
2025-11-12,ONGC,Non-Hld,8,9,6
2025-11-12,PAGEIND,Non-Hld,8,9,6
2025-11-12,PATANJALI,Non-Hld,5,8,5
2025-11-12,PAYTM,Non-Hld,1,3,2
2025-11-12,PERSISTENT,Non-Hld,8,9,6
2025-11-12,PETRONET,Non-Hld,8,9,6
2025-11-12,PFC,Holding,4,5,4
2025-11-12,PGEL,Non-Hld,2,3,2
2025-11-12,PHOENIXLTD,Non-Hld,1,3,2
2025-11-12,PIDILITIND,Non-Hld,7,7,4
2025-11-12,PIIND,Non-Hld,1,2,1
2025-11-12,PNB,Non-Hld,5,8,5
2025-11-12,PNBHOUSING,Non-Hld,6,7,5
2025-11-12,POLICYBZR,Non-Hld,3,3,2
2025-11-12,POLYCAB,Non-Hld,6,3,2
2025-11-12,POWERGRID,Holding,2,3,2
2025-11-12,POWERINDIA,Non-Hld,8,9,6
2025-11-12,PPLPHARMA,Non-Hld,8,8,5
2025-11-12,PRESTIGE,Non-Hld,1,2,1
2025-11-12,RBLBANK,Non-Hld,2,3,2
2025-11-12,RECLTD,Non-Hld,6,5,4
2025-11-12,RELIANCE,Non-Hld,6,8,5
2025-11-12,RVNL,Non-Hld,5,3,2
2025-11-12,SAIL,Non-Hld,0,0,1
2025-11-12,SAMMAANCAP,Non-Hld,4,2,2
2025-11-12,SBICARD,Non-Hld,5,8,6
2025-11-12,SBILIFE,Non-Hld,6,9,6
2025-11-12,SBIN,Non-Hld,5,3,2
2025-11-12,SHREECEM,Non-Hld,6,3,2
2025-11-12,SHRIRAMFIN,Non-Hld,3,3,2
2025-11-12,SIEMENS,Holding,6,9,6
2025-11-12,SOLARINDS,Non-Hld,6,8,5
2025-11-12,SONACOMS,Non-Hld,6,9,6
2025-11-12,SRF,Non-Hld,8,6,4
2025-11-12,SUNPHARMA,Non-Hld,7,9,6
2025-11-12,SUPREMEIND,Non-Hld,7,9,6
2025-11-12,SUZLON,Non-Hld,5,6,5
2025-11-12,SYNGENE,Non-Hld,7,8,5
2025-11-12,TATACONSUM,Non-Hld,5,5,4
2025-11-12,TATAELXSI,Non-Hld,7,9,6
2025-11-12,TATAPOWER,Non-Hld,0,2,1
2025-11-12,TATASTEEL,Non-Hld,3,2,1
2025-11-12,TATATECH,Non-Hld,4,8,5
2025-11-12,TCS,Non-Hld,5,9,6
2025-11-12,TECHM,Non-Hld,7,8,5
2025-11-12,TIINDIA,Non-Hld,8,7,6
2025-11-12,TITAGARH,Non-Hld,6,9,6
2025-11-12,TITAN,Non-Hld,7,8,5
2025-11-12,TMPV,Non-Hld,0,1,0
2025-11-12,TORNTPHARM,Non-Hld,4,3,2
2025-11-12,TORNTPOWER,Non-Hld,2,3,2
2025-11-12,TRENT,Non-Hld,5,6,4
2025-11-12,TVSMOTOR,Non-Hld,1,3,2
2025-11-12,ULTRACEMCO,Non-Hld,7,9,6
2025-11-12,UNIONBANK,Non-Hld,8,8,5
2025-11-12,UNITDSPR,Non-Hld,4,9,6
2025-11-12,UNOMINDA,Non-Hld,6,8,5
2025-11-12,UPL,Non-Hld,5,7,5
2025-11-12,VBL,Non-Hld,1,3,2
2025-11-12,VEDL,Non-Hld,2,3,2
2025-11-12,VOLTAS,Non-Hld,8,8,5
2025-11-12,WIPRO,Non-Hld,7,8,5
2025-11-12,YESBANK,Non-Hld,7,7,5
2025-11-12,ZYDUSLIFE,Non-Hld,6,9,6
2025-11-13,360ONE,Non-Hld,4,3,3
2025-11-13,ABB,Holding,2,4,2
2025-11-13,ABCAPITAL,Non-Hld,5,9,6
2025-11-13,ADANIENSOL,Non-Hld,7,8,5
2025-11-13,ADANIENT,Non-Hld,3,8,5
2025-11-13,ADANIGREEN,Non-Hld,4,10,7
2025-11-13,ADANIPORTS,Non-Hld,2,3,2
2025-11-13,ALKEM,Non-Hld,5,1,1
2025-11-13,AMBER,Non-Hld,2,1,0
2025-11-13,AMBUJACEM,Non-Hld,1,3,2
2025-11-13,ANGELONE,Non-Hld,6,8,5
2025-11-13,APLAPOLLO,Non-Hld,1,2,1
2025-11-13,APOLLOHOSP,Non-Hld,0,3,2
2025-11-13,ASHOKLEY,Non-Hld,6,9,6
2025-11-13,ASIANPAINT,Non-Hld,5,7,5
2025-11-13,ASTRAL,Non-Hld,2,3,2
2025-11-13,AUBANK,Non-Hld,4,8,5
2025-11-13,AUROPHARMA,Non-Hld,7,8,5
2025-11-13,AXISBANK,Non-Hld,8,5,3
2025-11-13,BAJAJ-AUTO,Non-Hld,2,1,2
2025-11-13,BAJAJFINSV,Non-Hld,5,8,5
2025-11-13,BAJFINANCE,Non-Hld,1,3,2
2025-11-13,BANDHANBNK,Non-Hld,1,3,2
2025-11-13,BANKBARODA,Non-Hld,1,3,2
2025-11-13,BANKINDIA,Non-Hld,1,2,1
2025-11-13,BDL,Non-Hld,3,3,2
2025-11-13,BEL,Holding,1,3,2
2025-11-13,BHARATFORG,Non-Hld,3,3,1
2025-11-13,BHARTIARTL,Non-Hld,6,8,5
2025-11-13,BHEL,Non-Hld,1,3,2
2025-11-13,BIOCON,Non-Hld,6,8,5
2025-11-13,BLUESTARCO,Non-Hld,1,4,3
2025-11-13,BOSCHLTD,Non-Hld,3,3,3
2025-11-13,BPCL,Non-Hld,3,2,1
2025-11-13,BRITANNIA,Non-Hld,1,3,2
2025-11-13,BSE,Holding,4,4,3
2025-11-13,CAMS,Holding,1,3,2
2025-11-13,CANBK,Non-Hld,4,3,2
2025-11-13,CDSL,Holding,1,2,1
2025-11-13,CGPOWER,Holding,7,9,6
2025-11-13,CHOLAFIN,Non-Hld,5,3,3
2025-11-13,CIPLA,Non-Hld,6,6,6
2025-11-13,COALINDIA,Holding,1,3,2
2025-11-13,COFORGE,Non-Hld,0,3,2
2025-11-13,COLPAL,Non-Hld,2,3,2
2025-11-13,CONCOR,Non-Hld,1,2,1
2025-11-13,CROMPTON,Non-Hld,1,3,2
2025-11-13,CUMMINSIND,Non-Hld,3,2,1
2025-11-13,CYIENT,Non-Hld,1,3,2
2025-11-13,DABUR,Non-Hld,4,4,2
2025-11-13,DALBHARAT,Non-Hld,6,9,6
2025-11-13,DELHIVERY,Non-Hld,2,7,5
2025-11-13,DIVISLAB,Non-Hld,6,9,6
2025-11-13,DIXON,Non-Hld,4,5,4
2025-11-13,DLF,Non-Hld,6,9,6
2025-11-13,DMART,Non-Hld,3,1,1
2025-11-13,DRREDDY,Non-Hld,5,3,2
2025-11-13,EICHERMOT,Non-Hld,3,1,0
2025-11-13,ETERNAL,Non-Hld,2,2,1
2025-11-13,EXIDEIND,Non-Hld,5,1,1
2025-11-13,FEDERALBNK,Non-Hld,0,3,2
2025-11-13,FORTIS,Non-Hld,1,3,2
2025-11-13,GAIL,Non-Hld,6,9,6
2025-11-13,GLENMARK,Non-Hld,6,9,6
2025-11-13,GMRAIRPORT,Non-Hld,6,2,2
2025-11-13,GODREJCP,Non-Hld,1,2,2
2025-11-13,GODREJPROP,Non-Hld,7,8,5
2025-11-13,GRASIM,Non-Hld,5,8,5
2025-11-13,HAL,Non-Hld,3,2,1
2025-11-13,HAVELLS,Non-Hld,8,8,5
2025-11-13,HCLTECH,Non-Hld,6,6,4
2025-11-13,HDFCAMC,Non-Hld,1,2,2
2025-11-13,HDFCBANK,Non-Hld,1,3,2
2025-11-13,HDFCLIFE,Non-Hld,5,2,1
2025-11-13,HEROMOTOCO,Non-Hld,2,3,2
2025-11-13,HFCL,Non-Hld,1,3,2
2025-11-13,HINDALCO,Non-Hld,7,8,5
2025-11-13,HINDPETRO,Non-Hld,1,1,2
2025-11-13,HINDUNILVR,Non-Hld,1,3,2
2025-11-13,HINDZINC,Non-Hld,7,8,5
2025-11-13,HUDCO,Non-Hld,1,3,2
2025-11-13,ICICIBANK,Non-Hld,5,7,4
2025-11-13,ICICIGI,Non-Hld,4,7,4
2025-11-13,ICICIPRULI,Non-Hld,1,3,2
2025-11-13,IDEA,Non-Hld,5,6,4
2025-11-13,IDFCFIRSTB,Non-Hld,1,2,1
2025-11-13,IEX,Holding,0,3,2
2025-11-13,IGL,Non-Hld,7,8,5
2025-11-13,IIFL,Non-Hld,4,2,2
2025-11-13,INDHOTEL,Non-Hld,5,8,5
2025-11-13,INDIANB,Non-Hld,4,3,3
2025-11-13,INDIGO,Holding,7,9,6
2025-11-13,INDUSINDBK,Non-Hld,6,3,2
2025-11-13,INDUSTOWER,Non-Hld,6,8,5
2025-11-13,INFY,Non-Hld,1,3,2
2025-11-13,INOXWIND,Non-Hld,2,2,1
2025-11-13,IOC,Non-Hld,4,3,2
2025-11-13,IRCTC,Holding,0,3,2
2025-11-13,IREDA,Non-Hld,1,3,2
2025-11-13,IRFC,Non-Hld,2,3,2
2025-11-13,ITC,Non-Hld,0,3,2
2025-11-13,JINDALSTEL,Non-Hld,6,8,5
2025-11-13,JIOFIN,Non-Hld,5,7,4
2025-11-13,JSWENERGY,Non-Hld,3,2,1
2025-11-13,JSWSTEEL,Non-Hld,6,11,7
2025-11-13,JUBLFOOD,Non-Hld,2,0,0
2025-11-13,KALYANKJIL,Non-Hld,1,3,2
2025-11-13,KAYNES,Non-Hld,1,4,3
2025-11-13,KEI,Non-Hld,7,9,6
2025-11-13,KFINTECH,Holding,0,3,2
2025-11-13,KOTAKBANK,Non-Hld,3,3,2
2025-11-13,KPITTECH,Non-Hld,1,1,1
2025-11-13,LAURUSLABS,Non-Hld,6,8,5
2025-11-13,LICHSGFIN,Non-Hld,1,3,2
2025-11-13,LICI,Non-Hld,5,3,2
2025-11-13,LODHA,Non-Hld,2,3,3
2025-11-13,LT,Non-Hld,7,8,5
2025-11-13,LTF,Non-Hld,1,3,2
2025-11-13,LTIM,Non-Hld,2,3,2
2025-11-13,LUPIN,Non-Hld,6,8,5
2025-11-13,M&M,Non-Hld,2,3,2
2025-11-13,MANAPPURAM,Non-Hld,5,4,3
2025-11-13,MANKIND,Non-Hld,3,3,2
2025-11-13,MARICO,Non-Hld,3,2,2
2025-11-13,MARUTI,Non-Hld,4,6,4
2025-11-13,MAXHEALTH,Non-Hld,1,3,2
2025-11-13,MAZDOCK,Non-Hld,3,3,2
2025-11-13,MCX,Holding,5,9,6
2025-11-13,MFSL,Non-Hld,3,3,3
2025-11-13,MOTHERSON,Holding,7,9,6
2025-11-13,MPHASIS,Non-Hld,1,2,1
2025-11-13,MUTHOOTFIN,Non-Hld,8,8,5
2025-11-13,NATIONALUM,Non-Hld,5,9,6
2025-11-13,NAUKRI,Non-Hld,1,2,1
2025-11-13,NBCC,Non-Hld,1,2,1
2025-11-13,NCC,Non-Hld,3,3,2
2025-11-13,NESTLEIND,Non-Hld,1,3,2
2025-11-13,NHPC,Non-Hld,1,2,2
2025-11-13,NMDC,Non-Hld,7,8,5
2025-11-13,NTPC,Non-Hld,3,3,2
2025-11-13,NUVAMA,Non-Hld,5,6,4
2025-11-13,NYKAA,Non-Hld,5,3,3
2025-11-13,OBEROIRLTY,Non-Hld,5,4,3
2025-11-13,OFSS,Non-Hld,1,3,2
2025-11-13,OIL,Non-Hld,2,3,2
2025-11-13,ONGC,Non-Hld,1,3,2
2025-11-13,PAGEIND,Non-Hld,5,0,0
2025-11-13,PATANJALI,Non-Hld,7,10,6
2025-11-13,PAYTM,Non-Hld,4,3,2
2025-11-13,PERSISTENT,Non-Hld,4,3,2
2025-11-13,PETRONET,Non-Hld,3,3,2
2025-11-13,PFC,Holding,1,1,0
2025-11-13,PGEL,Non-Hld,8,8,5
2025-11-13,PHOENIXLTD,Non-Hld,3,3,2
2025-11-13,PIDILITIND,Non-Hld,2,2,1
2025-11-13,PIIND,Non-Hld,4,3,2
2025-11-13,PNB,Non-Hld,3,3,2
2025-11-13,PNBHOUSING,Non-Hld,6,9,6
2025-11-13,POLICYBZR,Non-Hld,1,3,2
2025-11-13,POLYCAB,Non-Hld,7,8,5
2025-11-13,POWERGRID,Holding,6,9,6
2025-11-13,POWERINDIA,Non-Hld,2,3,2
2025-11-13,PPLPHARMA,Non-Hld,3,3,2
2025-11-13,PRESTIGE,Non-Hld,7,9,6
2025-11-13,RBLBANK,Non-Hld,0,3,2
2025-11-13,RECLTD,Non-Hld,0,2,1
2025-11-13,RELIANCE,Non-Hld,2,3,2
2025-11-13,RVNL,Non-Hld,2,3,2
2025-11-13,SAIL,Non-Hld,1,0,2
2025-11-13,SAMMAANCAP,Non-Hld,6,5,4
2025-11-13,SBICARD,Non-Hld,5,7,4
2025-11-13,SBILIFE,Non-Hld,3,4,3
2025-11-13,SBIN,Non-Hld,2,3,2
2025-11-13,SHREECEM,Non-Hld,5,2,1
2025-11-13,SHRIRAMFIN,Non-Hld,1,3,2
2025-11-13,SIEMENS,Holding,5,8,4
2025-11-13,SOLARINDS,Non-Hld,1,3,2
2025-11-13,SONACOMS,Non-Hld,1,2,1
2025-11-13,SRF,Non-Hld,2,3,2
2025-11-13,SUNPHARMA,Non-Hld,6,6,5
2025-11-13,SUPREMEIND,Non-Hld,1,1,0
2025-11-13,SUZLON,Non-Hld,3,3,2
2025-11-13,SYNGENE,Non-Hld,3,2,1
2025-11-13,TATACONSUM,Non-Hld,0,3,2
2025-11-13,TATAELXSI,Non-Hld,3,3,2
2025-11-13,TATAPOWER,Non-Hld,1,5,3
2025-11-13,TATASTEEL,Non-Hld,1,1,0
2025-11-13,TATATECH,Non-Hld,1,3,2
2025-11-13,TCS,Non-Hld,1,3,2
2025-11-13,TECHM,Non-Hld,0,3,2
2025-11-13,TIINDIA,Non-Hld,6,5,4
2025-11-13,TITAGARH,Non-Hld,3,3,2
2025-11-13,TITAN,Non-Hld,2,3,2
2025-11-13,TMPV,Non-Hld,0,2,1
2025-11-13,TORNTPHARM,Non-Hld,1,1,2
2025-11-13,TORNTPOWER,Non-Hld,3,2,2
2025-11-13,TRENT,Non-Hld,1,3,2
2025-11-13,TVSMOTOR,Non-Hld,0,3,2
2025-11-13,ULTRACEMCO,Non-Hld,7,2,3
2025-11-13,UNIONBANK,Non-Hld,2,3,2
2025-11-13,UNITDSPR,Non-Hld,1,3,2
2025-11-13,UNOMINDA,Non-Hld,1,3,2
2025-11-13,UPL,Non-Hld,3,4,2
2025-11-13,VBL,Non-Hld,1,2,1
2025-11-13,VEDL,Non-Hld,6,5,3
2025-11-13,VOLTAS,Non-Hld,1,1,1
2025-11-13,WIPRO,Non-Hld,2,2,2
2025-11-13,YESBANK,Non-Hld,1,3,2
2025-11-13,ZYDUSLIFE,Non-Hld,0,1,0
2025-11-14,360ONE,Non-Hld,4,3,2
2025-11-14,ABB,Holding,6,4,3
2025-11-14,ABCAPITAL,Non-Hld,4,3,2
2025-11-14,ADANIENSOL,Non-Hld,5,3,2
2025-11-14,ADANIENT,Non-Hld,7,8,5
2025-11-14,ADANIGREEN,Non-Hld,2,2,1
2025-11-14,ADANIPORTS,Non-Hld,6,5,3
2025-11-14,ALKEM,Non-Hld,3,3,2
2025-11-14,AMBER,Non-Hld,7,8,5
2025-11-14,AMBUJACEM,Non-Hld,5,9,6
2025-11-14,ANGELONE,Non-Hld,8,9,6
2025-11-14,APLAPOLLO,Non-Hld,4,3,2
2025-11-14,APOLLOHOSP,Non-Hld,6,3,1
2025-11-14,ASHOKLEY,Non-Hld,3,4,2
2025-11-14,ASIANPAINT,Non-Hld,5,7,5
2025-11-14,ASTRAL,Non-Hld,1,3,2
2025-11-14,AUBANK,Non-Hld,3,6,4
2025-11-14,AUROPHARMA,Non-Hld,6,8,5
2025-11-14,AXISBANK,Non-Hld,7,8,5
2025-11-14,BAJAJ-AUTO,Non-Hld,5,4,2
2025-11-14,BAJAJFINSV,Non-Hld,4,4,3
2025-11-14,BAJFINANCE,Non-Hld,6,6,3
2025-11-14,BANDHANBNK,Non-Hld,7,7,5
2025-11-14,BANKBARODA,Non-Hld,5,8,6
2025-11-14,BANKINDIA,Non-Hld,5,9,6
2025-11-14,BDL,Non-Hld,6,8,5
2025-11-14,BEL,Holding,6,8,5
2025-11-14,BHARATFORG,Non-Hld,6,8,5
2025-11-14,BHARTIARTL,Non-Hld,7,4,4
2025-11-14,BHEL,Non-Hld,4,2,1
2025-11-14,BIOCON,Non-Hld,2,3,2
2025-11-14,BLUESTARCO,Non-Hld,1,3,2
2025-11-14,BOSCHLTD,Non-Hld,2,3,2
2025-11-14,BPCL,Non-Hld,2,2,1
2025-11-14,BRITANNIA,Non-Hld,2,3,2
2025-11-14,BSE,Holding,6,8,5
2025-11-14,CAMS,Holding,5,2,1
2025-11-14,CANBK,Non-Hld,7,9,6
2025-11-14,CDSL,Holding,6,3,2
2025-11-14,CGPOWER,Holding,4,4,2
2025-11-14,CHOLAFIN,Non-Hld,4,4,4
2025-11-14,CIPLA,Non-Hld,4,3,2
2025-11-14,COALINDIA,Holding,6,8,5
2025-11-14,COFORGE,Non-Hld,4,4,2
2025-11-14,COLPAL,Non-Hld,5,3,2
2025-11-14,CONCOR,Non-Hld,2,3,2
2025-11-14,CROMPTON,Non-Hld,0,3,2
2025-11-14,CUMMINSIND,Non-Hld,2,3,2
2025-11-14,CYIENT,Non-Hld,4,3,2
2025-11-14,DABUR,Non-Hld,8,9,6
2025-11-14,DALBHARAT,Non-Hld,2,2,1
2025-11-14,DELHIVERY,Non-Hld,7,4,3
2025-11-14,DIVISLAB,Non-Hld,1,3,2
2025-11-14,DIXON,Non-Hld,6,8,5
2025-11-14,DLF,Non-Hld,5,3,2
2025-11-14,DMART,Non-Hld,6,3,2
2025-11-14,DRREDDY,Non-Hld,5,6,4
2025-11-14,EICHERMOT,Non-Hld,5,5,3
2025-11-14,ETERNAL,Non-Hld,7,6,5
2025-11-14,EXIDEIND,Non-Hld,6,8,5
2025-11-14,FEDERALBNK,Non-Hld,6,5,4
2025-11-14,FORTIS,Non-Hld,2,3,2
2025-11-14,GAIL,Non-Hld,5,3,2
2025-11-14,GLENMARK,Non-Hld,7,8,5
2025-11-14,GMRAIRPORT,Non-Hld,6,4,3
2025-11-14,GODREJCP,Non-Hld,7,8,5
2025-11-14,GODREJPROP,Non-Hld,5,3,2
2025-11-14,GRASIM,Non-Hld,3,3,2
2025-11-14,HAL,Non-Hld,3,3,3
2025-11-14,HAVELLS,Non-Hld,5,5,4
2025-11-14,HCLTECH,Non-Hld,3,0,2
2025-11-14,HDFCAMC,Non-Hld,1,3,2
2025-11-14,HDFCBANK,Non-Hld,6,4,3
2025-11-14,HDFCLIFE,Non-Hld,3,3,3
2025-11-14,HEROMOTOCO,Non-Hld,4,3,2
2025-11-14,HFCL,Non-Hld,4,4,3
2025-11-14,HINDALCO,Non-Hld,3,1,1
2025-11-14,HINDPETRO,Non-Hld,4,2,2
2025-11-14,HINDUNILVR,Non-Hld,6,6,5
2025-11-14,HINDZINC,Non-Hld,4,3,2
2025-11-14,HUDCO,Non-Hld,7,9,6
2025-11-14,ICICIBANK,Non-Hld,2,3,2
2025-11-14,ICICIGI,Non-Hld,1,3,2
2025-11-14,ICICIPRULI,Non-Hld,7,3,3
2025-11-14,IDEA,Non-Hld,5,9,6
2025-11-14,IDFCFIRSTB,Non-Hld,8,7,4
2025-11-14,IEX,Holding,3,3,3
2025-11-14,IGL,Non-Hld,3,5,4
2025-11-14,IIFL,Non-Hld,5,8,5
2025-11-14,INDHOTEL,Non-Hld,5,8,5
2025-11-14,INDIANB,Non-Hld,6,4,3
2025-11-14,INDIGO,Holding,6,6,4
2025-11-14,INDUSINDBK,Non-Hld,2,2,2
2025-11-14,INDUSTOWER,Non-Hld,6,9,6
2025-11-14,INFY,Non-Hld,3,3,2
2025-11-14,INOXWIND,Non-Hld,6,4,3
2025-11-14,IOC,Non-Hld,2,0,0
2025-11-14,IRCTC,Holding,1,3,2
2025-11-14,IREDA,Non-Hld,6,4,3
2025-11-14,IRFC,Non-Hld,5,3,3
2025-11-14,ITC,Non-Hld,6,7,5
2025-11-14,JINDALSTEL,Non-Hld,3,3,2
2025-11-14,JIOFIN,Non-Hld,6,6,3
2025-11-14,JSWENERGY,Non-Hld,4,4,3
2025-11-14,JSWSTEEL,Non-Hld,1,3,2
2025-11-14,JUBLFOOD,Non-Hld,6,7,4
2025-11-14,KALYANKJIL,Non-Hld,6,4,2
2025-11-14,KAYNES,Non-Hld,5,2,1
2025-11-14,KEI,Non-Hld,5,5,4
2025-11-14,KFINTECH,Holding,5,3,3
2025-11-14,KOTAKBANK,Non-Hld,3,2,1
2025-11-14,KPITTECH,Non-Hld,2,3,2
2025-11-14,LAURUSLABS,Non-Hld,6,7,5
2025-11-14,LICHSGFIN,Non-Hld,5,4,3
2025-11-14,LICI,Non-Hld,5,9,6
2025-11-14,LODHA,Non-Hld,6,4,3
2025-11-14,LT,Non-Hld,5,3,2
2025-11-14,LTF,Non-Hld,3,6,5
2025-11-14,LTIM,Non-Hld,2,3,2
2025-11-14,LUPIN,Non-Hld,5,8,6
2025-11-14,M&M,Non-Hld,3,2,1
2025-11-14,MANAPPURAM,Non-Hld,7,9,6
2025-11-14,MANKIND,Non-Hld,5,6,5
2025-11-14,MARICO,Non-Hld,8,8,5
2025-11-14,MARUTI,Non-Hld,2,2,2
2025-11-14,MAXHEALTH,Non-Hld,7,7,4
2025-11-14,MAZDOCK,Non-Hld,4,5,3
2025-11-14,MCX,Holding,5,7,5
2025-11-14,MFSL,Non-Hld,2,3,2
2025-11-14,MOTHERSON,Holding,5,5,3
2025-11-14,MPHASIS,Non-Hld,1,3,2
2025-11-14,MUTHOOTFIN,Non-Hld,8,8,5
2025-11-14,NATIONALUM,Non-Hld,2,2,2
2025-11-14,NAUKRI,Non-Hld,1,3,2
2025-11-14,NBCC,Non-Hld,5,9,6
2025-11-14,NCC,Non-Hld,6,4,2
2025-11-14,NESTLEIND,Non-Hld,4,3,2
2025-11-14,NHPC,Non-Hld,1,3,2
2025-11-14,NMDC,Non-Hld,5,3,2
2025-11-14,NTPC,Non-Hld,6,4,3
2025-11-14,NUVAMA,Non-Hld,3,1,0
2025-11-14,NYKAA,Non-Hld,5,9,6
2025-11-14,OBEROIRLTY,Non-Hld,8,5,6
2025-11-14,OFSS,Non-Hld,1,3,2
2025-11-14,OIL,Non-Hld,5,0,0
2025-11-14,ONGC,Non-Hld,7,6,4
2025-11-14,PAGEIND,Non-Hld,7,3,2
2025-11-14,PATANJALI,Non-Hld,3,3,2
2025-11-14,PAYTM,Non-Hld,3,3,2
2025-11-14,PERSISTENT,Non-Hld,1,1,1
2025-11-14,PETRONET,Non-Hld,6,5,4
2025-11-14,PFC,Holding,5,4,3
2025-11-14,PGEL,Non-Hld,6,5,3
2025-11-14,PHOENIXLTD,Non-Hld,6,8,5
2025-11-14,PIDILITIND,Non-Hld,1,3,2
2025-11-14,PIIND,Non-Hld,5,5,3
2025-11-14,PNB,Non-Hld,5,7,5
2025-11-14,PNBHOUSING,Non-Hld,5,7,5
2025-11-14,POLICYBZR,Non-Hld,5,3,2
2025-11-14,POLYCAB,Non-Hld,3,2,1
2025-11-14,POWERGRID,Holding,5,7,5
2025-11-14,POWERINDIA,Non-Hld,6,2,1
2025-11-14,PPLPHARMA,Non-Hld,5,3,1
2025-11-14,PRESTIGE,Non-Hld,3,2,1
2025-11-14,RBLBANK,Non-Hld,3,6,4
2025-11-14,RECLTD,Non-Hld,6,4,2
2025-11-14,RELIANCE,Non-Hld,6,9,6
2025-11-14,RVNL,Non-Hld,6,9,6
2025-11-14,SAIL,Non-Hld,0,2,2
2025-11-14,SAMMAANCAP,Non-Hld,2,2,1
2025-11-14,SBICARD,Non-Hld,3,2,1
2025-11-14,SBILIFE,Non-Hld,5,9,6
2025-11-14,SBIN,Non-Hld,7,9,6
2025-11-14,SHREECEM,Non-Hld,2,3,2
2025-11-14,SHRIRAMFIN,Non-Hld,3,2,2
2025-11-14,SIEMENS,Holding,7,6,4
2025-11-14,SOLARINDS,Non-Hld,7,9,6
2025-11-14,SONACOMS,Non-Hld,5,2,1
2025-11-14,SRF,Non-Hld,0,2,1
2025-11-14,SUNPHARMA,Non-Hld,6,8,5
2025-11-14,SUPREMEIND,Non-Hld,3,3,2
2025-11-14,SUZLON,Non-Hld,5,3,2
2025-11-14,SYNGENE,Non-Hld,2,3,2
2025-11-14,TATACONSUM,Non-Hld,4,2,1
2025-11-14,TATAELXSI,Non-Hld,3,2,1
2025-11-14,TATAPOWER,Non-Hld,6,3,2
2025-11-14,TATASTEEL,Non-Hld,5,2,1
2025-11-14,TATATECH,Non-Hld,5,3,3
2025-11-14,TCS,Non-Hld,6,2,1
2025-11-14,TECHM,Non-Hld,4,3,2
2025-11-14,TIINDIA,Non-Hld,6,6,4
2025-11-14,TITAGARH,Non-Hld,5,2,1
2025-11-14,TITAN,Non-Hld,5,3,2
2025-11-14,TMPV,Non-Hld,5,4,2
2025-11-14,TORNTPHARM,Non-Hld,6,6,4
2025-11-14,TORNTPOWER,Non-Hld,6,7,5
2025-11-14,TRENT,Non-Hld,7,7,5
2025-11-14,TVSMOTOR,Non-Hld,5,2,1
2025-11-14,ULTRACEMCO,Non-Hld,4,4,2
2025-11-14,UNIONBANK,Non-Hld,5,4,3
2025-11-14,UNITDSPR,Non-Hld,8,9,6
2025-11-14,UNOMINDA,Non-Hld,4,3,2
2025-11-14,UPL,Non-Hld,6,7,5
2025-11-14,VBL,Non-Hld,6,8,5
2025-11-14,VEDL,Non-Hld,2,2,2
2025-11-14,VOLTAS,Non-Hld,7,5,4
2025-11-14,WIPRO,Non-Hld,4,3,2
2025-11-14,YESBANK,Non-Hld,7,4,3
2025-11-14,ZYDUSLIFE,Non-Hld,5,3,2
2025-11-17,360ONE,Non-Hld,9,8,6
2025-11-17,ABB,Holding,4,7,4
2025-11-17,ABCAPITAL,Non-Hld,7,6,4
2025-11-17,ADANIENSOL,Non-Hld,4,2,2
2025-11-17,ADANIENT,Non-Hld,6,6,5
2025-11-17,ADANIGREEN,Non-Hld,6,6,5
2025-11-17,ADANIPORTS,Non-Hld,5,2,2
2025-11-17,ALKEM,Non-Hld,3,2,2
2025-11-17,AMBER,Non-Hld,6,4,3
2025-11-17,AMBUJACEM,Non-Hld,5,2,1
2025-11-17,ANGELONE,Non-Hld,7,7,4
2025-11-17,APLAPOLLO,Non-Hld,5,7,5
2025-11-17,APOLLOHOSP,Non-Hld,4,7,6
2025-11-17,ASHOKLEY,Non-Hld,5,2,1
2025-11-17,ASIANPAINT,Non-Hld,3,2,1
2025-11-17,ASTRAL,Non-Hld,3,3,2
2025-11-17,AUBANK,Non-Hld,7,7,4
2025-11-17,AUROPHARMA,Non-Hld,6,6,4
2025-11-17,AXISBANK,Non-Hld,6,8,5
2025-11-17,BAJAJ-AUTO,Non-Hld,7,8,5
2025-11-17,BAJAJFINSV,Non-Hld,5,5,4
2025-11-17,BAJFINANCE,Non-Hld,4,5,4
2025-11-17,BANDHANBNK,Non-Hld,4,3,2
2025-11-17,BANKBARODA,Non-Hld,6,3,2
2025-11-17,BANKINDIA,Non-Hld,6,9,6
2025-11-17,BDL,Non-Hld,2,2,2
2025-11-17,BEL,Holding,4,2,3
2025-11-17,BHARATFORG,Non-Hld,4,2,2
2025-11-17,BHARTIARTL,Non-Hld,6,5,3
2025-11-17,BHEL,Non-Hld,7,8,5
2025-11-17,BIOCON,Non-Hld,6,9,6
2025-11-17,BLUESTARCO,Non-Hld,7,6,4
2025-11-17,BOSCHLTD,Non-Hld,6,7,5
2025-11-17,BPCL,Non-Hld,7,9,6
2025-11-17,BRITANNIA,Non-Hld,6,4,3
2025-11-17,BSE,Holding,5,2,2
2025-11-17,CAMS,Holding,7,9,6
2025-11-17,CANBK,Non-Hld,6,7,4
2025-11-17,CDSL,Holding,7,5,5
2025-11-17,CGPOWER,Holding,5,5,4
2025-11-17,CHOLAFIN,Non-Hld,3,3,2
2025-11-17,CIPLA,Non-Hld,5,4,2
2025-11-17,COALINDIA,Holding,7,8,5
2025-11-17,COFORGE,Non-Hld,5,5,3
2025-11-17,COLPAL,Non-Hld,6,4,4
2025-11-17,CONCOR,Non-Hld,6,5,3
2025-11-17,CROMPTON,Non-Hld,4,2,3
2025-11-17,CUMMINSIND,Non-Hld,6,9,6
2025-11-17,CYIENT,Non-Hld,5,3,2
2025-11-17,DABUR,Non-Hld,6,4,2
2025-11-17,DALBHARAT,Non-Hld,3,3,2
2025-11-17,DELHIVERY,Non-Hld,6,5,4
2025-11-17,DIVISLAB,Non-Hld,5,3,2
2025-11-17,DIXON,Non-Hld,5,9,6
2025-11-17,DLF,Non-Hld,5,7,5
2025-11-17,DMART,Non-Hld,1,3,2
2025-11-17,DRREDDY,Non-Hld,1,2,1
2025-11-17,EICHERMOT,Non-Hld,6,7,5
2025-11-17,ETERNAL,Non-Hld,5,9,6
2025-11-17,EXIDEIND,Non-Hld,4,3,2
2025-11-17,FEDERALBNK,Non-Hld,6,7,4
2025-11-17,FORTIS,Non-Hld,5,7,6
2025-11-17,GAIL,Non-Hld,8,7,4
2025-11-17,GLENMARK,Non-Hld,5,5,3
2025-11-17,GMRAIRPORT,Non-Hld,5,7,5
2025-11-17,GODREJCP,Non-Hld,5,4,3
2025-11-17,GODREJPROP,Non-Hld,5,3,2
2025-11-17,GRASIM,Non-Hld,4,8,6
2025-11-17,HAL,Non-Hld,7,8,5
2025-11-17,HAVELLS,Non-Hld,4,5,4
2025-11-17,HCLTECH,Non-Hld,7,7,5
2025-11-17,HDFCAMC,Non-Hld,5,6,5
2025-11-17,HDFCBANK,Non-Hld,6,6,4
2025-11-17,HDFCLIFE,Non-Hld,4,2,2
2025-11-17,HEROMOTOCO,Non-Hld,8,9,6
2025-11-17,HFCL,Non-Hld,7,5,4
2025-11-17,HINDALCO,Non-Hld,7,5,4
2025-11-17,HINDPETRO,Non-Hld,7,6,5
2025-11-17,HINDUNILVR,Non-Hld,4,1,2
2025-11-17,HINDZINC,Non-Hld,6,3,2
2025-11-17,HUDCO,Non-Hld,6,8,5
2025-11-17,ICICIBANK,Non-Hld,5,3,2
2025-11-17,ICICIGI,Non-Hld,7,9,6
2025-11-17,ICICIPRULI,Non-Hld,5,5,3
2025-11-17,IDEA,Non-Hld,5,3,3
2025-11-17,IDFCFIRSTB,Non-Hld,7,9,6
2025-11-17,IEX,Holding,3,1,1
2025-11-17,IGL,Non-Hld,2,2,1
2025-11-17,IIFL,Non-Hld,7,5,4
2025-11-17,INDHOTEL,Non-Hld,6,3,2
2025-11-17,INDIANB,Non-Hld,6,8,5
2025-11-17,INDIGO,Holding,4,1,1
2025-11-17,INDUSINDBK,Non-Hld,6,9,6
2025-11-17,INDUSTOWER,Non-Hld,1,2,2
2025-11-17,INFY,Non-Hld,4,5,3
2025-11-17,INOXWIND,Non-Hld,5,4,1
2025-11-17,IOC,Non-Hld,6,8,5
2025-11-17,IRCTC,Holding,5,7,5
2025-11-17,IREDA,Non-Hld,8,8,5
2025-11-17,IRFC,Non-Hld,7,9,6
2025-11-17,ITC,Non-Hld,2,1,0
2025-11-17,JINDALSTEL,Non-Hld,6,5,3
2025-11-17,JIOFIN,Non-Hld,1,3,2
2025-11-17,JSWENERGY,Non-Hld,1,1,1
2025-11-17,JSWSTEEL,Non-Hld,6,5,4
2025-11-17,JUBLFOOD,Non-Hld,3,3,2
2025-11-17,KALYANKJIL,Non-Hld,5,2,1
2025-11-17,KAYNES,Non-Hld,5,3,2
2025-11-17,KEI,Non-Hld,8,9,6
2025-11-17,KFINTECH,Holding,5,6,4
2025-11-17,KOTAKBANK,Non-Hld,7,9,6
2025-11-17,KPITTECH,Non-Hld,6,3,2
2025-11-17,LAURUSLABS,Non-Hld,7,7,4
2025-11-17,LICHSGFIN,Non-Hld,5,5,5
2025-11-17,LICI,Non-Hld,6,7,5
2025-11-17,LODHA,Non-Hld,5,5,4
2025-11-17,LT,Non-Hld,6,7,5
2025-11-17,LTF,Non-Hld,6,8,5
2025-11-17,LTIM,Non-Hld,8,4,3
2025-11-17,LUPIN,Non-Hld,5,3,2
2025-11-17,M&M,Non-Hld,7,7,5
2025-11-17,MANAPPURAM,Non-Hld,6,5,4
2025-11-17,MANKIND,Non-Hld,1,3,2
2025-11-17,MARICO,Non-Hld,7,7,4
2025-11-17,MARUTI,Non-Hld,7,8,5
2025-11-17,MAXHEALTH,Non-Hld,6,5,3
2025-11-17,MAZDOCK,Non-Hld,7,7,5
2025-11-17,MCX,Holding,5,6,4
2025-11-17,MFSL,Non-Hld,5,7,5
2025-11-17,MOTHERSON,Holding,5,3,2
2025-11-17,MPHASIS,Non-Hld,1,2,1
2025-11-17,MUTHOOTFIN,Non-Hld,5,5,3
2025-11-17,NATIONALUM,Non-Hld,3,1,2
2025-11-17,NAUKRI,Non-Hld,6,8,5
2025-11-17,NBCC,Non-Hld,6,8,5
2025-11-17,NCC,Non-Hld,6,3,2
2025-11-17,NESTLEIND,Non-Hld,4,4,3
2025-11-17,NHPC,Non-Hld,6,8,6
2025-11-17,NMDC,Non-Hld,3,3,3
2025-11-17,NTPC,Non-Hld,5,5,3
2025-11-17,NUVAMA,Non-Hld,6,5,5
2025-11-17,NYKAA,Non-Hld,6,9,6
2025-11-17,OBEROIRLTY,Non-Hld,3,3,2
2025-11-17,OFSS,Non-Hld,6,5,4
2025-11-17,OIL,Non-Hld,3,3,2
2025-11-17,ONGC,Non-Hld,4,7,3
2025-11-17,PAGEIND,Non-Hld,1,3,2
2025-11-17,PATANJALI,Non-Hld,3,2,1
2025-11-17,PAYTM,Non-Hld,7,9,6
2025-11-17,PERSISTENT,Non-Hld,6,5,4
2025-11-17,PETRONET,Non-Hld,5,9,6
2025-11-17,PFC,Holding,5,6,5
2025-11-17,PGEL,Non-Hld,5,5,3
2025-11-17,PHOENIXLTD,Non-Hld,8,6,6
2025-11-17,PIDILITIND,Non-Hld,7,6,3
2025-11-17,PIIND,Non-Hld,4,4,2
2025-11-17,PNB,Non-Hld,5,5,5
2025-11-17,PNBHOUSING,Non-Hld,3,2,2
2025-11-17,POLICYBZR,Non-Hld,6,8,5
2025-11-17,POLYCAB,Non-Hld,6,4,3
2025-11-17,POWERGRID,Holding,6,7,5
2025-11-17,POWERINDIA,Non-Hld,6,3,2
2025-11-17,PPLPHARMA,Non-Hld,6,4,3
2025-11-17,PRESTIGE,Non-Hld,3,5,4
2025-11-17,RBLBANK,Non-Hld,2,1,2
2025-11-17,RECLTD,Non-Hld,8,6,4
2025-11-17,RELIANCE,Non-Hld,6,2,2
2025-11-17,RVNL,Non-Hld,7,7,4
2025-11-17,SAIL,Non-Hld,0,1,2
2025-11-17,SAMMAANCAP,Non-Hld,7,8,5
2025-11-17,SBICARD,Non-Hld,6,8,5
2025-11-17,SBILIFE,Non-Hld,5,3,2
2025-11-17,SBIN,Non-Hld,5,6,4
2025-11-17,SHREECEM,Non-Hld,6,5,3
2025-11-17,SHRIRAMFIN,Non-Hld,6,8,5
2025-11-17,SIEMENS,Holding,8,8,5
2025-11-17,SOLARINDS,Non-Hld,6,4,3
2025-11-17,SONACOMS,Non-Hld,4,2,2
2025-11-17,SRF,Non-Hld,6,4,3
2025-11-17,SUNPHARMA,Non-Hld,4,6,4
2025-11-17,SUPREMEIND,Non-Hld,2,3,2
2025-11-17,SUZLON,Non-Hld,4,2,1
2025-11-17,SYNGENE,Non-Hld,5,3,2
2025-11-17,TATACONSUM,Non-Hld,6,9,6
2025-11-17,TATAELXSI,Non-Hld,4,4,4
2025-11-17,TATAPOWER,Non-Hld,5,7,5
2025-11-17,TATASTEEL,Non-Hld,6,4,2
2025-11-17,TATATECH,Non-Hld,7,5,4
2025-11-17,TCS,Non-Hld,4,3,3
2025-11-17,TECHM,Non-Hld,7,9,6
2025-11-17,TIINDIA,Non-Hld,7,5,4
2025-11-17,TITAGARH,Non-Hld,6,5,3
2025-11-17,TITAN,Non-Hld,7,8,5
2025-11-17,TMPV,Non-Hld,2,2,1
2025-11-17,TORNTPHARM,Non-Hld,4,3,2
2025-11-17,TORNTPOWER,Non-Hld,4,8,6
2025-11-17,TRENT,Non-Hld,6,4,2
2025-11-17,TVSMOTOR,Non-Hld,6,7,4
2025-11-17,ULTRACEMCO,Non-Hld,3,3,2
2025-11-17,UNIONBANK,Non-Hld,3,7,5
2025-11-17,UNITDSPR,Non-Hld,6,4,3
2025-11-17,UNOMINDA,Non-Hld,3,2,2
2025-11-17,UPL,Non-Hld,6,9,6
2025-11-17,VBL,Non-Hld,4,4,3
2025-11-17,VEDL,Non-Hld,2,2,2
2025-11-17,VOLTAS,Non-Hld,5,6,5
2025-11-17,WIPRO,Non-Hld,4,3,2
2025-11-17,YESBANK,Non-Hld,5,8,5
2025-11-17,ZYDUSLIFE,Non-Hld,3,3,2
